Threshold,F1,Precision,Recall
0.1,0.4559784698193003,0.296351824087956,0.9883333333333333
0.11,0.4632612966601179,0.3030848329048843,0.9825
0.12,0.47285886610373945,0.31160572337042924,0.98
0.13,0.4790937178166838,0.31819425444596444,0.9691666666666666
0.13999999999999999,0.4883819180397127,0.32710809281267683,0.9633333333333334
0.14999999999999997,0.49632829373650106,0.3349854227405248,0.9575
0.15999999999999998,0.5059920106524634,0.3448275862068966,0.95
0.16999999999999998,0.5165532879818594,0.3548286604361371,0.9491666666666667
0.17999999999999997,0.5266093423193121,0.3651305188527232,0.9441666666666667
0.18999999999999995,0.5377268385864374,0.3768406961178046,0.9383333333333334
0.19999999999999996,0.5461651196873474,0.3863165169315826,0.9316666666666666
0.20999999999999996,0.5525855608293779,0.3945772386728505,0.9216666666666666
0.21999999999999995,0.5606523955147809,0.40381791483113066,0.9166666666666666
0.22999999999999995,0.5674974039460021,0.4121417797888386,0.9108333333333334
0.23999999999999994,0.5764955002646903,0.4224204809930178,0.9075
0.24999999999999992,0.5807495281747102,0.4292546831406935,0.8975
0.2599999999999999,0.5887185104052574,0.43841761827079934,0.8958333333333334
0.2699999999999999,0.596078431372549,0.4489451476793249,0.8866666666666667
0.2799999999999999,0.6056619959965684,0.4610361340879408,0.8825
0.2899999999999999,0.6103858427618218,0.468179795282599,0.8766666666666667
0.29999999999999993,0.6168888888888889,0.4786206896551724,0.8675
0.30999999999999994,0.6205855719891337,0.4865120681495504,0.8566666666666667
0.3199999999999999,0.6269938650306749,0.4961165048543689,0.8516666666666667
0.32999999999999985,0.632398753894081,0.5049751243781094,0.8458333333333333
0.33999999999999986,0.638149556400507,0.5148261758691206,0.8391666666666666
0.34999999999999987,0.6421018904197373,0.521603331598126,0.835
0.3599999999999999,0.6492829204693612,0.5331905781584583,0.83
0.3699999999999999,0.6538716082064858,0.5422612513721186,0.8233333333333334
0.3799999999999999,0.6590450571620713,0.552423900789177,0.8166666666666667
0.3899999999999999,0.6634844868735084,0.5614541257934218,0.8108333333333333
0.3999999999999998,0.6694444444444444,0.5738095238095238,0.8033333333333333
0.4099999999999998,0.6739590684544813,0.5844553243574051,0.7958333333333333
0.4199999999999998,0.6774078052273541,0.5938480853735091,0.7883333333333333
0.4299999999999998,0.682429974536195,0.6055519690122659,0.7816666666666666
0.43999999999999984,0.6886582653817642,0.6201602136181575,0.7741666666666667
0.44999999999999984,0.6908682634730539,0.6270380434782609,0.7691666666666667
0.45999999999999985,0.6935055070262058,0.6371249127704117,0.7608333333333334
0.46999999999999986,0.699268386599923,0.6499642090193272,0.7566666666666667
0.47999999999999976,0.70234375,0.6610294117647059,0.7491666666666666
0.48999999999999977,0.7060677698975572,0.6696562032884903,0.7466666666666667
0.4999999999999998,0.7086488640892786,0.679144385026738,0.7408333333333333
0.5099999999999998,0.7102502017756255,0.6885758998435054,0.7333333333333333
0.5199999999999998,0.7149284253578733,0.702008032128514,0.7283333333333334
0.5299999999999998,0.7167630057803468,0.7103109656301145,0.7233333333333334
0.5399999999999998,0.7209302325581395,0.7185430463576159,0.7233333333333334
0.5499999999999998,0.7242246437552389,0.7284991568296796,0.72
0.5599999999999997,0.7258132657372202,0.7360754070265638,0.7158333333333333
0.5699999999999997,0.7282007656316462,0.7437011294526499,0.7133333333333334
0.5799999999999997,0.7311643835616438,0.7517605633802817,0.7116666666666667
0.5899999999999997,0.7326133909287257,0.7605381165919283,0.7066666666666667
0.5999999999999998,0.7326388888888888,0.7644927536231884,0.7033333333333334
0.6099999999999998,0.7336244541484717,0.7706422018348624,0.7
0.6199999999999998,0.7373515178178619,0.7809878844361603,0.6983333333333334
0.6299999999999997,0.7370746796288113,0.7845719661335842,0.695
0.6399999999999997,0.7397504456327986,0.7950191570881227,0.6916666666666667
0.6499999999999997,0.7393066186402522,0.8041136141038198,0.6841666666666667
0.6599999999999997,0.7388939256572983,0.8101391650099403,0.6791666666666667
0.6699999999999997,0.740909090909091,0.815,0.6791666666666667
0.6799999999999997,0.7421268827019626,0.8203834510595358,0.6775
0.6899999999999997,0.7422018348623853,0.8255102040816327,0.6741666666666667
0.6999999999999996,0.7423059255856683,0.827021494370522,0.6733333333333333
0.7099999999999996,0.742751955821445,0.829393627954779,0.6725
0.7199999999999996,0.7450254511800093,0.8376690946930281,0.6708333333333333
0.7299999999999996,0.7451162790697674,0.8431578947368421,0.6675
0.7399999999999997,0.7444029850746269,0.8453389830508474,0.665
0.7499999999999997,0.7450796626054358,0.8511777301927195,0.6625
0.7599999999999997,0.7448210922787194,0.8560606060606061,0.6591666666666667
0.7699999999999997,0.7437233538607295,0.8616904500548848,0.6541666666666667
0.7799999999999997,0.7404942965779467,0.8617256637168141,0.6491666666666667
0.7899999999999996,0.7381522259454284,0.8672665916760405,0.6425
0.7999999999999996,0.7371456030754445,0.8706015891032917,0.6391666666666667
0.8099999999999996,0.7340425531914894,0.8744239631336406,0.6325
0.8199999999999996,0.7308255984367367,0.8831168831168831,0.6233333333333333
0.8299999999999996,0.7257508616445101,0.8868832731648616,0.6141666666666666
0.8399999999999996,0.7198404785643071,0.8957816377171216,0.6016666666666667
0.8499999999999996,0.7099697885196374,0.8969465648854962,0.5875
0.8599999999999995,0.7002544529262087,0.8993464052287582,0.5733333333333334
0.8699999999999996,0.6896907216494845,0.904054054054054,0.5575
0.8799999999999996,0.6659630606860159,0.9079136690647482,0.5258333333333334
0.8899999999999996,0.6322089227421109,0.9106583072100314,0.4841666666666667
0.8999999999999996,0.5975197294250282,0.9233449477351916,0.44166666666666665
