Accuracy,Precision,Recall,F1,ROC_AUC,Brier,model,protocol,tag,repeat,fold
0.5218181818181818,0.5218181818181818,1.0,0.6857825567502986,0.5,0.24952418286409864,Majority class,heldout_80_20,dedup,,
0.6781818181818182,0.6870748299319728,0.7038327526132404,0.6953528399311532,0.7184837906228058,0.2098367341583046,Phase-only logistic,heldout_80_20,dedup,,
0.8372727272727273,0.8558558558558559,0.8275261324041812,0.8414526129317981,0.9117956836819863,0.11958747066953233,Logistic regression,heldout_80_20,dedup,,
0.8545454545454545,0.8544520547945206,0.8693379790940766,0.8618307426597582,0.9457032233277248,0.09398590909090909,Random Forest,heldout_80_20,dedup,,
0.8636363636363636,0.8557046979865772,0.8885017421602788,0.8717948717948718,0.9509462646228851,0.09030857904700197,Gradient Boosting,heldout_80_20,dedup,,
0.8572727272727273,0.8469217970049917,0.8867595818815331,0.8663829787234043,0.9477169751328148,0.09210865537886552,XGBoost,heldout_80_20,dedup,,
0.8627272727272727,0.8519134775374376,0.89198606271777,0.8714893617021277,0.9514248618857726,0.09116018917552723,"Stacking (RF+XGB+GB, logistic meta)",heldout_80_20,dedup,,
0.5227272727272727,0.5227272727272727,1.0,0.6865671641791045,0.5,0.24948392238016626,Majority class,repeated_cv,dedup,0.0,0.0
0.6863636363636364,0.6897689768976898,0.7269565217391304,0.707874682472481,0.7297954451345756,0.2040259845522722,Phase-only logistic,repeated_cv,dedup,0.0,0.0
0.8263636363636364,0.8568773234200744,0.8017391304347826,0.8283917340521114,0.9010981366459626,0.1270680893477229,Logistic regression,repeated_cv,dedup,0.0,0.0
0.8390909090909091,0.8540925266903915,0.8347826086956521,0.8443271767810027,0.9321341614906833,0.10610036363636363,Random Forest,repeated_cv,dedup,0.0,0.0
0.8290909090909091,0.8473967684021544,0.8208695652173913,0.833922261484099,0.9370120082815736,0.10326603307455365,Gradient Boosting,repeated_cv,dedup,0.0,0.0
0.8318181818181818,0.8409090909090909,0.8365217391304348,0.8387096774193549,0.9357532091097308,0.10359665942698904,XGBoost,repeated_cv,dedup,0.0,0.0
0.8172727272727273,0.8045602605863192,0.8591304347826086,0.830950378469302,0.8693465838509318,0.15245120245206378,"Stacking (RF+XGB+GB, logistic meta)",repeated_cv,dedup,0.0,0.0
0.5218181818181818,0.5218181818181818,1.0,0.6857825567502986,0.5,0.24952418286409864,Majority class,repeated_cv,dedup,0.0,1.0
0.6854545454545454,0.6815286624203821,0.7456445993031359,0.7121464226289518,0.7257538320901948,0.2083921851325788,Phase-only logistic,repeated_cv,dedup,0.0,1.0
0.8190909090909091,0.8354203935599285,0.813588850174216,0.824360105913504,0.8913965103800956,0.13318431570399158,Logistic regression,repeated_cv,dedup,0.0,1.0
0.8254545454545454,0.8141447368421053,0.8623693379790941,0.8375634517766497,0.9267100329884341,0.11134281818181818,Random Forest,repeated_cv,dedup,0.0,1.0
0.8427272727272728,0.8292282430213465,0.8797909407665505,0.8537616229923922,0.9389299956280388,0.10060606519738187,Gradient Boosting,repeated_cv,dedup,0.0,1.0
0.8354545454545454,0.8144,0.8867595818815331,0.8490408673894912,0.93512937030511,0.10376746860518649,XGBoost,repeated_cv,dedup,0.0,1.0
0.7909090909090909,0.7670807453416149,0.8606271777003485,0.8111658456486043,0.8523303877797062,0.15663942501918762,"Stacking (RF+XGB+GB, logistic meta)",repeated_cv,dedup,0.0,1.0
0.5218181818181818,0.5218181818181818,1.0,0.6857825567502986,0.5,0.24952418286409864,Majority class,repeated_cv,dedup,0.0,2.0
0.6981818181818182,0.692063492063492,0.759581881533101,0.7242524916943521,0.7443479153694308,0.2031369946443604,Phase-only logistic,repeated_cv,dedup,0.0,2.0
0.8263636363636364,0.8425760286225402,0.8205574912891986,0.8314210061782877,0.9002099866191493,0.12640138978348325,Logistic regression,repeated_cv,dedup,0.0,2.0
0.8272727272727273,0.8137254901960784,0.867595818815331,0.8397976391231029,0.9233283872762682,0.11225581818181819,Random Forest,repeated_cv,dedup,0.0,2.0
0.8345454545454546,0.8171521035598706,0.8797909407665505,0.8473154362416108,0.9365966269657265,0.10122649236416265,Gradient Boosting,repeated_cv,dedup,0.0,2.0
0.8372727272727273,0.8264462809917356,0.8710801393728222,0.8481764206955047,0.9369742054291808,0.10134113693939845,XGBoost,repeated_cv,dedup,0.0,2.0
0.7909090909090909,0.7704402515723271,0.8536585365853658,0.8099173553719008,0.84961281647037,0.15867070114745388,"Stacking (RF+XGB+GB, logistic meta)",repeated_cv,dedup,0.0,2.0
0.5222929936305732,0.5222929936305732,1.0,0.6861924686192469,0.5,0.24950303904128363,Majority class,repeated_cv,dedup,0.0,3.0
0.7033666969972703,0.7052980132450332,0.7421602787456446,0.7232597623089984,0.7414435042309606,0.20191901688427555,Phase-only logistic,repeated_cv,dedup,0.0,3.0
0.816196542311192,0.8263157894736842,0.8205574912891986,0.8234265734265734,0.8849012775842044,0.13700464831998962,Logistic regression,repeated_cv,dedup,0.0,3.0
0.8371246587807097,0.8286189683860233,0.867595818815331,0.8476595744680852,0.9282877053260328,0.10949008189262968,Random Forest,repeated_cv,dedup,0.0,3.0
0.8334849863512284,0.8296795952782462,0.8571428571428571,0.8431876606683805,0.935472042475527,0.10260529208126473,Gradient Boosting,repeated_cv,dedup,0.0,3.0
0.8407643312101911,0.8275862068965517,0.8780487804878049,0.8520710059171598,0.9370184171229468,0.10179044830198156,XGBoost,repeated_cv,dedup,0.0,3.0
0.8007279344858963,0.7943615257048093,0.8344947735191638,0.8139337298215803,0.8647784967645595,0.1537823100205467,"Stacking (RF+XGB+GB, logistic meta)",repeated_cv,dedup,0.0,3.0
0.5222929936305732,0.5222929936305732,1.0,0.6861924686192469,0.5,0.24950303904128363,Majority class,repeated_cv,dedup,0.0,4.0
0.6942675159235668,0.6888888888888889,0.7560975609756098,0.7209302325581395,0.7266401194624191,0.20594893796117347,Phase-only logistic,repeated_cv,dedup,0.0,4.0
0.8280254777070064,0.8506375227686703,0.813588850174216,0.8317008014247551,0.8997146175543388,0.12584563985052707,Logistic regression,repeated_cv,dedup,0.0,4.0
0.824385805277525,0.8267581475128645,0.8397212543554007,0.8331892826274849,0.9317869586859133,0.10604185623293905,Random Forest,repeated_cv,dedup,0.0,4.0
0.8507734303912647,0.8596491228070176,0.8536585365853658,0.8566433566433567,0.9387705326032852,0.10065952367421574,Gradient Boosting,repeated_cv,dedup,0.0,4.0
0.8516833484986351,0.8561525129982669,0.8606271777003485,0.8583840139009556,0.9377899452463913,0.10103701819177613,XGBoost,repeated_cv,dedup,0.0,4.0
0.8080072793448589,0.7904,0.8606271777003485,0.8240200166805671,0.8705491952878712,0.15193167145815611,"Stacking (RF+XGB+GB, logistic meta)",repeated_cv,dedup,0.0,4.0
0.5227272727272727,0.5227272727272727,1.0,0.6865671641791045,0.5,0.24948392238016626,Majority class,repeated_cv,dedup,1.0,0.0
0.7027272727272728,0.7052980132450332,0.7408695652173913,0.72264631043257,0.7533366459627329,0.19782534570376697,Phase-only logistic,repeated_cv,dedup,1.0,0.0
0.8154545454545454,0.8406593406593407,0.7982608695652174,0.8189116859946476,0.8871089026915114,0.13471497362317233,Logistic regression,repeated_cv,dedup,1.0,0.0
0.8281818181818181,0.8304794520547946,0.8434782608695652,0.8369283865401208,0.9232612836438924,0.114049,Random Forest,repeated_cv,dedup,1.0,0.0
0.8272727272727273,0.8383128295254832,0.8295652173913044,0.833916083916084,0.9337672877846791,0.10634992530465866,Gradient Boosting,repeated_cv,dedup,1.0,0.0
0.8254545454545454,0.8377425044091711,0.8260869565217391,0.8318739054290718,0.9315163561076605,0.1072443854664931,XGBoost,repeated_cv,dedup,1.0,0.0
0.7936363636363636,0.7815533980582524,0.84,0.8097233864207879,0.8374426501035197,0.16054602579113625,"Stacking (RF+XGB+GB, logistic meta)",repeated_cv,dedup,1.0,0.0
0.5218181818181818,0.5218181818181818,1.0,0.6857825567502986,0.5,0.24952418286409864,Majority class,repeated_cv,dedup,1.0,1.0
0.6836363636363636,0.6828478964401294,0.735191637630662,0.7080536912751678,0.7280043984578899,0.2082044839470718,Phase-only logistic,repeated_cv,dedup,1.0,1.0
0.8290909090909091,0.8446428571428571,0.8240418118466899,0.8342151675485009,0.8911348551291053,0.13233466572604413,Logistic regression,repeated_cv,dedup,1.0,1.0
0.8236363636363636,0.8125,0.8606271777003485,0.8358714043993232,0.9210397318530492,0.11456745454545456,Random Forest,repeated_cv,dedup,1.0,1.0
0.8345454545454546,0.8356164383561644,0.8501742160278746,0.842832469775475,0.9323538373895418,0.10562621798818526,Gradient Boosting,repeated_cv,dedup,1.0,1.0
0.8281818181818181,0.8213689482470785,0.8571428571428571,0.8388746803069054,0.9296081133000358,0.1079987703711994,XGBoost,repeated_cv,dedup,1.0,1.0
0.7963636363636364,0.7734375,0.8623693379790941,0.8154859967051071,0.8479286177978564,0.16338509368254733,"Stacking (RF+XGB+GB, logistic meta)",repeated_cv,dedup,1.0,1.0
0.5218181818181818,0.5218181818181818,1.0,0.6857825567502986,0.5,0.24952418286409864,Majority class,repeated_cv,dedup,1.0,2.0
0.6990909090909091,0.6962843295638126,0.7508710801393729,0.7225481978206203,0.731747062174587,0.20555441913429556,Phase-only logistic,repeated_cv,dedup,1.0,2.0
0.8172727272727273,0.838475499092559,0.8048780487804879,0.8213333333333334,0.8901246671347757,0.13355081282181072,Logistic regression,repeated_cv,dedup,1.0,2.0
0.8245454545454546,0.8180300500834724,0.8536585365853658,0.835464620630861,0.9300386852320451,0.10763718181818183,Random Forest,repeated_cv,dedup,1.0,2.0
0.83,0.8241206030150754,0.8571428571428571,0.8403074295473953,0.9349124282932129,0.10286894869675013,Gradient Boosting,repeated_cv,dedup,1.0,2.0
0.8345454545454546,0.8266666666666667,0.8641114982578397,0.8449744463373083,0.9369245240524106,0.10188384480298293,XGBoost,repeated_cv,dedup,1.0,2.0
0.8,0.7791798107255521,0.8606271777003485,0.8178807947019867,0.8669135279076854,0.15418111291406708,"Stacking (RF+XGB+GB, logistic meta)",repeated_cv,dedup,1.0,2.0
0.5222929936305732,0.5222929936305732,1.0,0.6861924686192469,0.5,0.2495030390412836,Majority class,repeated_cv,dedup,1.0,3.0
0.6906278434940856,0.6875,0.7473867595818815,0.7161936560934892,0.7171063547370168,0.20918183909862392,Phase-only logistic,repeated_cv,dedup,1.0,3.0
0.8234758871701547,0.8442028985507246,0.8118466898954704,0.827708703374778,0.8993695038991206,0.12852707603722469,Logistic regression,repeated_cv,dedup,1.0,3.0
0.8425841674249318,0.8561278863232682,0.8397212543554007,0.8478452066842568,0.9391405342624854,0.1011444949954504,Random Forest,repeated_cv,dedup,1.0,3.0
0.8580527752502275,0.8578767123287672,0.872822299651568,0.8652849740932642,0.9462850506056081,0.09387255777754783,Gradient Boosting,repeated_cv,dedup,1.0,3.0
0.8626023657870792,0.8665511265164645,0.8710801393728222,0.8688097306689835,0.9458105193296831,0.09407445295175891,XGBoost,repeated_cv,dedup,1.0,3.0
0.8061874431301183,0.8023450586264657,0.8344947735191638,0.8181041844577285,0.8611614401858305,0.1536986146550084,"Stacking (RF+XGB+GB, logistic meta)",repeated_cv,dedup,1.0,3.0
0.5222929936305732,0.5222929936305732,1.0,0.6861924686192469,0.5,0.2495030390412836,Majority class,repeated_cv,dedup,1.0,4.0
0.6915377616014559,0.6856240126382307,0.7560975609756098,0.7191383595691798,0.7359980089596814,0.20278257804161895,Phase-only logistic,repeated_cv,dedup,1.0,4.0
0.8362147406733395,0.85431654676259,0.8275261324041812,0.8407079646017699,0.9057673801227808,0.12243178800090602,Logistic regression,repeated_cv,dedup,1.0,4.0
0.8425841674249318,0.822866344605475,0.8902439024390244,0.8552301255230126,0.9386228637796582,0.10002565969062785,Random Forest,repeated_cv,dedup,1.0,4.0
0.8462238398544131,0.8391959798994975,0.872822299651568,0.8556789069171649,0.9444350423096068,0.09607696949769887,Gradient Boosting,repeated_cv,dedup,1.0,4.0
0.8444040036396724,0.8375209380234506,0.8710801393728222,0.8539709649871904,0.9426447652231625,0.09690972540605054,XGBoost,repeated_cv,dedup,1.0,4.0
0.818926296633303,0.7786032689450223,0.9128919860627178,0.8404170008019246,0.8813671810187489,0.15666148111688197,"Stacking (RF+XGB+GB, logistic meta)",repeated_cv,dedup,1.0,4.0
0.5227272727272727,0.5227272727272727,1.0,0.6865671641791045,0.5,0.2494839223801663,Majority class,repeated_cv,dedup,2.0,0.0
0.7036363636363636,0.7030995106035889,0.7495652173913043,0.7255892255892256,0.7451577639751552,0.19945596434938553,Phase-only logistic,repeated_cv,dedup,2.0,0.0
0.8309090909090909,0.8430335097001763,0.831304347826087,0.8371278458844134,0.899398757763975,0.12640095312467586,Logistic regression,repeated_cv,dedup,2.0,0.0
0.8336363636363636,0.8266666666666667,0.8626086956521739,0.8442553191489361,0.9287453416149068,0.10803045454545453,Random Forest,repeated_cv,dedup,2.0,0.0
0.8527272727272728,0.8458961474036851,0.8782608695652174,0.8617747440273038,0.9416778467908902,0.09759427864415927,Gradient Boosting,repeated_cv,dedup,2.0,0.0
0.8418181818181818,0.8336106489184693,0.871304347826087,0.8520408163265306,0.939087370600414,0.10077814051866181,XGBoost,repeated_cv,dedup,2.0,0.0
0.7972727272727272,0.7847896440129449,0.8434782608695652,0.8130762782900252,0.8544993788819875,0.15141045280968746,"Stacking (RF+XGB+GB, logistic meta)",repeated_cv,dedup,2.0,0.0
0.5218181818181818,0.5218181818181818,1.0,0.6857825567502986,0.5,0.24952418286409864,Majority class,repeated_cv,dedup,2.0,1.0
0.6836363636363636,0.6816720257234726,0.7386759581881533,0.7090301003344481,0.7352661596958174,0.20556128368274765,Phase-only logistic,repeated_cv,dedup,2.0,1.0
0.8390909090909091,0.8602540834845736,0.8257839721254355,0.8426666666666667,0.9090300870417721,0.1209111456184184,Logistic regression,repeated_cv,dedup,2.0,1.0
0.8281818181818181,0.8192371475953566,0.8606271777003485,0.8394222599830077,0.9238815066043111,0.11325581818181817,Random Forest,repeated_cv,dedup,2.0,1.0
0.8363636363636363,0.8250825082508251,0.8710801393728222,0.847457627118644,0.9378088525589221,0.10178002446928386,Gradient Boosting,repeated_cv,dedup,2.0,1.0
0.8363636363636363,0.8272425249169435,0.867595818815331,0.8469387755102041,0.9347799446218253,0.10431427260223408,XGBoost,repeated_cv,dedup,2.0,1.0
0.7927272727272727,0.7678018575851393,0.8641114982578397,0.8131147540983606,0.8455207270703886,0.164529569517161,"Stacking (RF+XGB+GB, logistic meta)",repeated_cv,dedup,2.0,1.0
0.5218181818181818,0.5218181818181818,1.0,0.6857825567502986,0.5,0.24952418286409864,Majority class,repeated_cv,dedup,2.0,2.0
0.7090909090909091,0.6965944272445821,0.7839721254355401,0.7377049180327869,0.7412163325870087,0.2019612888652618,Phase-only logistic,repeated_cv,dedup,2.0,2.0
0.8218181818181818,0.8513011152416357,0.7979094076655052,0.8237410071942446,0.8955333130191703,0.12869361899253617,Logistic regression,repeated_cv,dedup,2.0,2.0
0.8318181818181818,0.8359240069084629,0.8432055749128919,0.839549002601908,0.929710788145361,0.107992,Random Forest,repeated_cv,dedup,2.0,2.0
0.8436363636363636,0.8418367346938775,0.8623693379790941,0.8519793459552496,0.9402399279288827,0.09866556676809318,Gradient Boosting,repeated_cv,dedup,2.0,2.0
0.8345454545454546,0.8288590604026845,0.8606271777003485,0.8444444444444444,0.9365403214053868,0.10151252427107532,XGBoost,repeated_cv,dedup,2.0,2.0
0.8045454545454546,0.789049919484702,0.8536585365853658,0.8200836820083682,0.8555894860958388,0.1545992613748766,"Stacking (RF+XGB+GB, logistic meta)",repeated_cv,dedup,2.0,2.0
0.5222929936305732,0.5222929936305732,1.0,0.6861924686192469,0.5,0.2495030390412836,Majority class,repeated_cv,dedup,2.0,3.0
0.6787989080982711,0.6838602329450915,0.7160278745644599,0.6995744680851064,0.7075543388086942,0.2138063608686433,Phase-only logistic,repeated_cv,dedup,2.0,3.0
0.8061874431301183,0.839924670433145,0.7770034843205574,0.8072398190045249,0.878745644599303,0.14144702483370653,Logistic regression,repeated_cv,dedup,2.0,3.0
0.8325750682438581,0.8409090909090909,0.837979094076655,0.8394415357766143,0.9213339970134395,0.11486715195632394,Random Forest,repeated_cv,dedup,2.0,3.0
0.824385805277525,0.8482632541133455,0.8083623693379791,0.8278322925958965,0.928878380620541,0.1086435897990524,Gradient Boosting,repeated_cv,dedup,2.0,3.0
0.8180163785259327,0.8351254480286738,0.8118466898954704,0.823321554770318,0.9285631325701013,0.10872407466176032,XGBoost,repeated_cv,dedup,2.0,3.0
0.802547770700637,0.7902439024390244,0.8466898954703833,0.8174936921783011,0.8492882030861124,0.15874033203720503,"Stacking (RF+XGB+GB, logistic meta)",repeated_cv,dedup,2.0,3.0
0.5222929936305732,0.5222929936305732,1.0,0.6861924686192469,0.5,0.2495030390412836,Majority class,repeated_cv,dedup,2.0,4.0
0.6924476797088263,0.6915584415584416,0.7421602787456446,0.7159663865546219,0.7377799900447983,0.2027325353616714,Phase-only logistic,repeated_cv,dedup,2.0,4.0
0.8080072793448589,0.8145580589254766,0.818815331010453,0.8166811468288445,0.8954670648747305,0.130911207244055,Logistic regression,repeated_cv,dedup,2.0,4.0
0.8425841674249318,0.8292282430213465,0.8797909407665505,0.8537616229923922,0.9347552679608429,0.10427552320291172,Random Forest,repeated_cv,dedup,2.0,4.0
0.8544131028207461,0.8438538205980066,0.8850174216027874,0.8639455782312925,0.9410270449643271,0.09812425867490561,Gradient Boosting,repeated_cv,dedup,2.0,4.0
0.8444040036396724,0.8352745424292846,0.8745644599303136,0.854468085106383,0.941103368176539,0.09832366876203978,XGBoost,repeated_cv,dedup,2.0,4.0
0.8034576888080073,0.7728658536585366,0.8832752613240418,0.824390243902439,0.8557391737182678,0.159300688516606,"Stacking (RF+XGB+GB, logistic meta)",repeated_cv,dedup,2.0,4.0
0.5227272727272727,0.5227272727272727,1.0,0.6865671641791045,0.5,0.24948392238016626,Majority class,repeated_cv,dedup,3.0,0.0
0.6836363636363636,0.6845528455284553,0.7321739130434782,0.7075630252100841,0.7299461697722568,0.20654396518926696,Phase-only logistic,repeated_cv,dedup,3.0,0.0
0.8209090909090909,0.8526119402985075,0.7947826086956522,0.8226822682268227,0.8925250517598344,0.13242239348307303,Logistic regression,repeated_cv,dedup,3.0,0.0
0.8181818181818182,0.8260869565217391,0.8260869565217391,0.8260869565217391,0.9252770186335404,0.11358554545454545,Random Forest,repeated_cv,dedup,3.0,0.0
0.8463636363636363,0.8524305555555556,0.8539130434782609,0.8531711555169418,0.9405780538302279,0.09964959617547993,Gradient Boosting,repeated_cv,dedup,3.0,0.0
0.8390909090909091,0.8419243986254296,0.8521739130434782,0.8470181503889369,0.9367701863354038,0.1022236570146761,XGBoost,repeated_cv,dedup,3.0,0.0
0.7872727272727272,0.7736757624398074,0.8382608695652174,0.8046744574290484,0.8387842650103517,0.16870045718072893,"Stacking (RF+XGB+GB, logistic meta)",repeated_cv,dedup,3.0,0.0
0.5218181818181818,0.5218181818181818,1.0,0.6857825567502986,0.5,0.24952418286409864,Majority class,repeated_cv,dedup,3.0,1.0
0.6818181818181818,0.686046511627907,0.7195121951219512,0.7023809523809523,0.7249208410063459,0.207875578879187,Phase-only logistic,repeated_cv,dedup,3.0,1.0
0.81,0.8336380255941499,0.794425087108014,0.8135593220338984,0.8913236443608326,0.13281951979075984,Logistic regression,repeated_cv,dedup,3.0,1.0
0.8172727272727273,0.8166383701188455,0.837979094076655,0.827171109200344,0.9236264755368901,0.11267081818181818,Random Forest,repeated_cv,dedup,3.0,1.0
0.8454545454545455,0.8543859649122807,0.8484320557491289,0.8513986013986014,0.9368433778036857,0.10172647525324044,Gradient Boosting,repeated_cv,dedup,3.0,1.0
0.850909090909091,0.8621908127208481,0.8501742160278746,0.856140350877193,0.9390293583815794,0.09900454611386163,XGBoost,repeated_cv,dedup,3.0,1.0
0.7936363636363636,0.7793880837359098,0.8432055749128919,0.8100418410041841,0.8373862296471961,0.16374002061475182,"Stacking (RF+XGB+GB, logistic meta)",repeated_cv,dedup,3.0,1.0
0.5218181818181818,0.5218181818181818,1.0,0.6857825567502986,0.5,0.24952418286409864,Majority class,repeated_cv,dedup,3.0,2.0
0.69,0.6864,0.7473867595818815,0.7155963302752294,0.7311591658828049,0.20491326922502476,Phase-only logistic,repeated_cv,dedup,3.0,2.0
0.8254545454545454,0.8386524822695035,0.8240418118466899,0.8312829525483304,0.8919959989931241,0.13182287710512916,Logistic regression,repeated_cv,dedup,3.0,2.0
0.8227272727272728,0.808130081300813,0.8658536585365854,0.8359966358284272,0.9236198513533207,0.11420154545454546,Random Forest,repeated_cv,dedup,3.0,2.0
0.8390909090909091,0.8291873963515755,0.8710801393728222,0.8496176720475785,0.9335412222943523,0.10504240904441782,Gradient Boosting,repeated_cv,dedup,3.0,2.0
0.8290909090909091,0.8184818481848185,0.8641114982578397,0.8406779661016949,0.930803778434308,0.10776430648281991,XGBoost,repeated_cv,dedup,3.0,2.0
0.7927272727272727,0.7711598746081505,0.8571428571428571,0.8118811881188119,0.8358742597474862,0.17282940424380597,"Stacking (RF+XGB+GB, logistic meta)",repeated_cv,dedup,3.0,2.0
0.5222929936305732,0.5222929936305732,1.0,0.6861924686192469,0.5,0.2495030390412836,Majority class,repeated_cv,dedup,3.0,3.0
0.7070063694267515,0.7052117263843648,0.7543554006968641,0.7289562289562289,0.7473867595818815,0.20005347810754473,Phase-only logistic,repeated_cv,dedup,3.0,3.0
0.8289353958143767,0.8374125874125874,0.8344947735191638,0.8359511343804538,0.9017388418782147,0.12521968263827635,Logistic regression,repeated_cv,dedup,3.0,3.0
0.8371246587807097,0.8275290215588723,0.8693379790940766,0.8479184367034834,0.9345213207234112,0.10285969062784349,Random Forest,repeated_cv,dedup,3.0,3.0
0.8453139217470428,0.8311475409836065,0.8832752613240418,0.856418918918919,0.940386593661855,0.09931118810075332,Gradient Boosting,repeated_cv,dedup,3.0,3.0
0.8434940855323021,0.8273615635179153,0.8850174216027874,0.8552188552188552,0.9355898456943753,0.10325533906115789,XGBoost,repeated_cv,dedup,3.0,3.0
0.8180163785259327,0.7903726708074534,0.8867595818815331,0.8357963875205254,0.8763398042143687,0.15387270190869537,"Stacking (RF+XGB+GB, logistic meta)",repeated_cv,dedup,3.0,3.0
0.5222929936305732,0.5222929936305732,1.0,0.6861924686192469,0.5,0.2495030390412836,Majority class,repeated_cv,dedup,3.0,4.0
0.705186533212011,0.6947040498442367,0.7770034843205574,0.7335526315789473,0.7341778662684586,0.20367753340301678,Phase-only logistic,repeated_cv,dedup,3.0,4.0
0.8225659690627843,0.8330404217926186,0.8257839721254355,0.8293963254593176,0.9030529284884685,0.12498996957438863,Logistic regression,repeated_cv,dedup,3.0,4.0
0.8535031847133758,0.8379705400981997,0.89198606271777,0.8641350210970464,0.9378828604612576,0.09972939035486805,Random Forest,repeated_cv,dedup,3.0,4.0
0.8507734303912647,0.8498293515358362,0.867595818815331,0.8586206896551725,0.9448797079807533,0.09567208510124307,Gradient Boosting,repeated_cv,dedup,3.0,4.0
0.8453139217470428,0.8366666666666667,0.8745644599303136,0.8551959114139693,0.945964824954372,0.09398169498023072,XGBoost,repeated_cv,dedup,3.0,4.0
0.818926296633303,0.7943485086342229,0.8815331010452961,0.8356729975227085,0.8592633150821305,0.15320140378436853,"Stacking (RF+XGB+GB, logistic meta)",repeated_cv,dedup,3.0,4.0
0.5227272727272727,0.5227272727272727,1.0,0.6865671641791045,0.5,0.24948392238016626,Majority class,repeated_cv,dedup,4.0,0.0
0.7063636363636364,0.696875,0.7756521739130435,0.7341563786008231,0.7359503105590062,0.2034600222149086,Phase-only logistic,repeated_cv,dedup,4.0,0.0
0.8254545454545454,0.8606403013182674,0.7947826086956522,0.8264014466546112,0.8963478260869565,0.12974619963655465,Logistic regression,repeated_cv,dedup,4.0,0.0
0.8218181818181818,0.8250428816466552,0.8365217391304348,0.8307426597582038,0.9276886128364389,0.11048227272727272,Random Forest,repeated_cv,dedup,4.0,0.0
0.8372727272727273,0.8473684210526315,0.84,0.8436681222707424,0.9385954451345756,0.1007601215909469,Gradient Boosting,repeated_cv,dedup,4.0,0.0
0.8309090909090909,0.8279932546374368,0.8539130434782609,0.8407534246575342,0.9354236024844721,0.10276499879428344,XGBoost,repeated_cv,dedup,4.0,0.0
0.8027272727272727,0.785031847133758,0.8573913043478261,0.8196176226101413,0.8520049689440994,0.16647036255594275,"Stacking (RF+XGB+GB, logistic meta)",repeated_cv,dedup,4.0,0.0
0.5218181818181818,0.5218181818181818,1.0,0.6857825567502986,0.5,0.24952418286409864,Majority class,repeated_cv,dedup,4.0,1.0
0.6936363636363636,0.700507614213198,0.7212543554006968,0.7107296137339055,0.7443429472317536,0.2017260851261902,Phase-only logistic,repeated_cv,dedup,4.0,1.0
0.8354545454545454,0.8540540540540541,0.8257839721254355,0.8396811337466785,0.9006703673772207,0.12573890092172202,Logistic regression,repeated_cv,dedup,4.0,1.0
0.8136363636363636,0.8039538714991763,0.8501742160278746,0.8264182895850973,0.9200543845471045,0.11675627272727271,Random Forest,repeated_cv,dedup,4.0,1.0
0.8409090909090909,0.8308457711442786,0.872822299651568,0.8513169073916738,0.9348445304116267,0.10315629507850377,Gradient Boosting,repeated_cv,dedup,4.0,1.0
0.8381818181818181,0.8235294117647058,0.8780487804878049,0.8499156829679595,0.9342351055232443,0.10440817462025669,XGBoost,repeated_cv,dedup,4.0,1.0
0.7854545454545454,0.7779605263157895,0.8240418118466899,0.8003384094754653,0.8378929796902531,0.16260585301903951,"Stacking (RF+XGB+GB, logistic meta)",repeated_cv,dedup,4.0,1.0
0.5218181818181818,0.5218181818181818,1.0,0.6857825567502986,0.5,0.24952418286409864,Majority class,repeated_cv,dedup,4.0,2.0
0.6836363636363636,0.6895973154362416,0.7160278745644599,0.7025641025641025,0.7256677177037931,0.20779722081617624,Phase-only logistic,repeated_cv,dedup,4.0,2.0
0.8354545454545454,0.8527827648114902,0.8275261324041812,0.8399646330680813,0.9039195294179991,0.12391210918083206,Logistic regression,repeated_cv,dedup,4.0,2.0
0.8390909090909091,0.8404802744425386,0.8536585365853658,0.8470181503889369,0.9382079596189771,0.10043518181818183,Random Forest,repeated_cv,dedup,4.0,2.0
0.8590909090909091,0.8509212730318257,0.8850174216027874,0.8676345004269855,0.9477567202342312,0.09367223926703978,Gradient Boosting,repeated_cv,dedup,4.0,2.0
0.8518181818181818,0.8524871355060034,0.8658536585365854,0.8591184096802075,0.9477964653356473,0.09266962353308247,XGBoost,repeated_cv,dedup,4.0,2.0
0.81,0.7938808373590982,0.8588850174216028,0.8251046025104602,0.8767670009671309,0.14756733863100813,"Stacking (RF+XGB+GB, logistic meta)",repeated_cv,dedup,4.0,2.0
0.5222929936305732,0.5222929936305732,1.0,0.6861924686192469,0.5,0.2495030390412836,Majority class,repeated_cv,dedup,4.0,3.0
0.6906278434940856,0.6887096774193548,0.7439024390243902,0.7152428810720268,0.7247320391571263,0.20631480440836475,Phase-only logistic,repeated_cv,dedup,4.0,3.0
0.8070973612374887,0.8197879858657244,0.8083623693379791,0.8140350877192982,0.8797942591670815,0.14012204288691113,Logistic regression,repeated_cv,dedup,4.0,3.0
0.818926296633303,0.8109452736318408,0.8519163763066202,0.8309260832625318,0.9250821304131408,0.11150873521383074,Random Forest,repeated_cv,dedup,4.0,3.0
0.8180163785259327,0.8213058419243986,0.8327526132404182,0.8269896193771626,0.9268873403019745,0.10985635176744966,Gradient Boosting,repeated_cv,dedup,4.0,3.0
0.8362147406733395,0.8198051948051948,0.8797909407665505,0.8487394957983193,0.9298871743819479,0.10657416109426865,XGBoost,repeated_cv,dedup,4.0,3.0
0.7989080982711556,0.7686453576864536,0.8797909407665505,0.8204711616571893,0.8516724738675958,0.16044822522007876,"Stacking (RF+XGB+GB, logistic meta)",repeated_cv,dedup,4.0,3.0
0.5222929936305732,0.5222929936305732,1.0,0.6861924686192469,0.5,0.2495030390412836,Majority class,repeated_cv,dedup,4.0,4.0
0.6933575978161965,0.6820276497695853,0.7735191637630662,0.7248979591836735,0.7364924506387921,0.20333326753882514,Phase-only logistic,repeated_cv,dedup,4.0,4.0
0.8080072793448589,0.8235294117647058,0.8048780487804879,0.8140969162995595,0.8896233615397379,0.134187802388371,Logistic regression,repeated_cv,dedup,4.0,4.0
0.818926296633303,0.8161888701517707,0.8432055749128919,0.829477292202228,0.9248249543719927,0.11116942675159236,Random Forest,repeated_cv,dedup,4.0,4.0
0.827115559599636,0.8221476510067114,0.8536585365853658,0.8376068376068376,0.9355749128919861,0.10249911718354017,Gradient Boosting,repeated_cv,dedup,4.0,4.0
0.8343949044585988,0.82996632996633,0.8588850174216028,0.8441780821917808,0.9332105525136883,0.10511627742665698,XGBoost,repeated_cv,dedup,4.0,4.0
0.7989080982711556,0.78330658105939,0.8501742160278746,0.8153717627401837,0.8422515347602456,0.1626940379935093,"Stacking (RF+XGB+GB, logistic meta)",repeated_cv,dedup,4.0,4.0
