threshold,precision,recall,predicted_positive_rate
0.2,0.76375,0.9760383386581469,0.6666666666666666
0.21,0.7734177215189874,0.9760383386581469,0.6583333333333333
0.22,0.77735368956743,0.9760383386581469,0.655
0.23,0.7803320561941252,0.9760383386581469,0.6525
0.24,0.7833333333333333,0.9760383386581469,0.65
0.25,0.7845161290322581,0.9712460063897763,0.6458333333333334
0.26,0.7875647668393783,0.9712460063897763,0.6433333333333333
0.27,0.7934640522875817,0.9696485623003195,0.6375
0.28,0.7945026178010471,0.9696485623003195,0.6366666666666667
0.29,0.7955439056356488,0.9696485623003195,0.6358333333333334
0.3,0.7965879265091863,0.9696485623003195,0.635
0.31,0.8002645502645502,0.9664536741214057,0.63
0.32,0.8045212765957447,0.9664536741214057,0.6266666666666667
0.33,0.8055925432756325,0.9664536741214057,0.6258333333333334
0.34,0.8058902275769746,0.9616613418530351,0.6225
0.35,0.806970509383378,0.9616613418530351,0.6216666666666667
0.36,0.8108108108108109,0.9584664536741214,0.6166666666666667
0.37,0.811141304347826,0.9536741214057508,0.6133333333333333
0.38,0.8122448979591836,0.9536741214057508,0.6125
0.39,0.8130968622100955,0.952076677316294,0.6108333333333333
0.4,0.8168044077134986,0.9472843450479234,0.605
0.41,0.8213296398891967,0.9472843450479234,0.6016666666666667
0.42,0.8236111111111111,0.9472843450479234,0.6
0.43,0.8251748251748252,0.9424920127795527,0.5958333333333333
0.44,0.8328611898016998,0.939297124600639,0.5883333333333334
0.45,0.8357142857142857,0.9345047923322684,0.5833333333333334
0.46,0.8388489208633093,0.9313099041533547,0.5791666666666667
0.47,0.8388969521044993,0.9233226837060703,0.5741666666666667
0.48,0.8391812865497076,0.9169329073482428,0.57
0.49,0.844311377245509,0.9009584664536742,0.5566666666666666
0.5,0.8474320241691843,0.8961661341853036,0.5516666666666666
0.51,0.8547400611620795,0.8929712460063898,0.545
0.52,0.8623417721518988,0.8706070287539937,0.5266666666666666
0.53,0.8770764119601329,0.8434504792332268,0.5016666666666667
0.54,0.9010791366906474,0.8003194888178914,0.4633333333333333
0.55,0.9065934065934066,0.7907348242811502,0.455
0.56,0.9116541353383458,0.7747603833865815,0.44333333333333336
0.57,0.921455938697318,0.768370607028754,0.435
0.58,0.925343811394892,0.7523961661341853,0.4241666666666667
0.59,0.9267326732673268,0.7476038338658147,0.42083333333333334
0.6,0.9385245901639344,0.731629392971246,0.4066666666666667
0.61,0.9432773109243697,0.7172523961661342,0.39666666666666667
0.62,0.9470338983050848,0.7140575079872205,0.3933333333333333
0.63,0.9566160520607375,0.7044728434504792,0.38416666666666666
0.64,0.9583333333333334,0.6980830670926518,0.38
0.65,0.9622222222222222,0.6916932907348243,0.375
0.66,0.9663677130044843,0.6884984025559105,0.37166666666666665
0.67,0.9662921348314607,0.6869009584664537,0.37083333333333335
0.68,0.9680365296803652,0.6773162939297125,0.365
0.69,0.9696969696969697,0.6645367412140575,0.3575
0.7,0.969626168224299,0.6629392971246006,0.3566666666666667
0.71,0.9716981132075472,0.65814696485623,0.35333333333333333
0.72,0.9739952718676123,0.65814696485623,0.3525
0.73,0.9737470167064439,0.6517571884984026,0.3491666666666667
0.74,0.9737470167064439,0.6517571884984026,0.3491666666666667
0.75,0.9758454106280193,0.645367412140575,0.345
0.76,0.9757869249394673,0.6437699680511182,0.3441666666666667
0.77,0.9781021897810219,0.6421725239616614,0.3425
0.78,0.9779411764705882,0.6373801916932907,0.34
0.79,0.9778325123152709,0.634185303514377,0.3383333333333333
0.8,0.980246913580247,0.634185303514377,0.3375
0.81,0.9801980198019802,0.6325878594249201,0.33666666666666667
0.82,0.9824561403508771,0.6261980830670927,0.3325
0.83,0.9822335025380711,0.6182108626198083,0.3283333333333333
0.84,0.9822335025380711,0.6182108626198083,0.3283333333333333
0.85,0.9821428571428571,0.6150159744408946,0.32666666666666666
0.86,0.982051282051282,0.6118210862619808,0.325
0.87,0.9844559585492227,0.6070287539936102,0.32166666666666666
0.88,0.9867021276595744,0.5926517571884984,0.31333333333333335
0.89,0.9863387978142076,0.5766773162939297,0.305
0.9,0.9916201117318436,0.5670926517571885,0.29833333333333334
