model,cv_accuracy,cv_accuracy_std,cv_f1,cv_auc
GB 200 depth 4 lr 0.05,0.8416666666666666,0.011219093348196913,0.8495722622951046,0.9406321658644881
XGB Paper 2 defaults,0.8404166666666667,0.009975012183228419,0.8483443861079183,0.9399259744888753
"GB current (100, depth 3, lr 0.10)",0.8402083333333333,0.0171099893661893,0.8482775034764989,0.9405981478777214
GB 300 depth 3 lr 0.05,0.8395833333333333,0.01319672860345827,0.848128578925615,0.940428574305771
Stack RF+XGB+GB logistic,0.8391666666666666,0.012026626997809663,0.8478699626453648,0.9403460148880217
XGB undersampled (Paper 1 style),0.8377083333333333,0.006886039117099316,0.8427757913081342,0.936680025274114
XGB 400 depth 4 lr 0.05,0.8375,0.006073908223797185,0.8449934007128581,0.9392927820332536
XGB 300 depth 6 lr 0.05,0.8362499999999999,0.011817294000743142,0.8441647266216442,0.9362164116768694
HistGradientBoosting,0.8345833333333333,0.009893091725486487,0.8417675450061637,0.9348522131663044
LightGBM 300,0.834375,0.005657698172500123,0.8417163353499427,0.9342856509297628
Random Forest 200,0.834375,0.014823176532039259,0.8420917861932422,0.9313155857833723
Logistic regression,0.8335416666666667,0.015334097580591793,0.836359890362235,0.8971527866847445
