Methodology,Method,Role,Threshold,Accuracy,Precision,Recall,F1,ROC_AUC,MCC,Average_Precision,TN,FP,FN,TP
"Paper 2 (Niyogisubizo et al., 2022)",Paper 2 Stacking (RF + XGBoost + GB -> FNN),Paper 2 ensemble (stacking),0.5,0.8683,0.8493,0.9089,0.8781,0.9501,0.7373,,473.0,101.0,57.0,569.0
"Paper 1 (Carballo-Mendívil et al., 2025)","XGBoost (Tuned, optimized threshold)",Paper 1 best (threshold optimized),0.29,0.8517,0.8035,0.9473,0.8695,0.9484,0.7131,0.9555,429.0,145.0,33.0,593.0
This project (SARP-Net DSS),XGBoost tuned (Paper 1 pipeline),Paper 1 XGBoost at its F1-optimal threshold,0.29,0.8517,0.8035,0.9473,0.8695,0.9484,0.7131,,429.0,145.0,33.0,593.0
"Paper 2 (Niyogisubizo et al., 2022)",Gradient Boosting,Paper 2 best (base learner),0.5,0.8642,0.8789,0.8578,0.8682,0.9513,0.7283,,500.0,74.0,89.0,537.0
This project (SARP-Net DSS),Gradient Boosting (Paper 2 pipeline),Primary inference model (probability + SHAP),0.5,0.8642,0.8789,0.8578,0.8682,0.9513,0.7283,,500.0,74.0,89.0,537.0
"Paper 1 (Carballo-Mendívil et al., 2025)",XGBoost (Tuned),Comparator,0.5,0.8567,0.8771,0.8435,0.8599,0.9484,0.7139,0.9555,500.0,74.0,98.0,528.0
"Paper 2 (Niyogisubizo et al., 2022)",Random Forest,Comparator,0.5,0.8525,0.8547,0.8642,0.8594,0.9413,0.7043,,482.0,92.0,85.0,541.0
"Paper 2 (Niyogisubizo et al., 2022)",XGBoost,Comparator,0.5,0.8517,0.8636,0.8498,0.8567,0.9485,0.7031,,490.0,84.0,94.0,532.0
"Paper 1 (Carballo-Mendívil et al., 2025)",Random Forest,Comparator,0.5,0.8475,0.8649,0.8387,0.8516,0.9409,0.6952,0.9488,492.0,82.0,101.0,525.0
"Paper 1 (Carballo-Mendívil et al., 2025)",LightGBM,Comparator,0.5,0.8442,0.8628,0.8339,0.8481,0.9434,0.6886,0.9511,491.0,83.0,104.0,522.0
"Paper 1 (Carballo-Mendívil et al., 2025)",Logistic Regression,Comparator,0.5,0.8458,0.8862,0.8083,0.8454,0.9026,0.6952,0.903,509.0,65.0,120.0,506.0
Legacy pipeline (label-encoded CSV),Logistic Regression,Early baseline,0.5,0.895,0.8655,0.6867,0.7658,0.8667,,,,,,
Legacy pipeline (label-encoded CSV),Random Forest,Early baseline,0.5,0.8875,0.8395,0.68,0.7514,0.8785,,,,,,
