Name,Result,Course,Country,Institution,Budget,Researched,Political_Phase,Budget_Level,Academic_Level,Continuation,Dataset_Type,Intake_Month,Intake_Year,Intake_Season,Days_Since_First_Intake,Budget_Midpoint,Phase_Number,Result_Band,Budget_Academic_Score,GPA_Academic_Match
STU_2401,3.4,9,0,4,Below 10k,0,0,0,1,0,Transitional,3,2026,1,855,8000,3,2,1,0
STU_2402,3.18,7,7,0,16-20K,1,0,2,1,0,Transitional,5,2026,2,919,18000,3,1,3,1
STU_2403,3.11,20,1,11,10-15K,1,0,1,1,0,Transitional,2,2026,1,849,12500,3,1,2,1
STU_2404,3.47,0,1,17,Below 10k,1,0,0,1,0,Transitional,6,2026,2,968,8000,3,2,1,0
STU_2405,2.68,19,6,14,Below 10k,1,0,0,1,0,Transitional,4,2026,2,909,8000,3,0,1,0
STU_2406,3.57,12,3,8,16-20K,0,0,2,2,0,Transitional,2,2026,1,828,18000,3,2,4,1
STU_2407,3.22,7,3,8,Below 10k,1,0,0,1,0,Transitional,2,2026,1,848,8000,3,1,1,1
STU_2408,3.3,9,2,6,16-20K,1,0,2,1,0,Transitional,5,2026,2,940,18000,3,1,3,1
STU_2409,3.34,12,6,3,10-15K,1,0,1,1,0,Transitional,5,2026,2,921,12500,3,1,2,1
STU_2410,3.13,2,5,9,Below 10k,0,0,0,1,0,Transitional,6,2026,2,966,8000,3,1,1,1
STU_2411,3.27,10,2,6,10-15K,1,0,1,1,0,Transitional,3,2026,1,871,12500,3,1,2,1
STU_2412,3.32,21,0,5,16-20K,0,0,2,1,0,Transitional,6,2026,2,950,18000,3,1,3,1
STU_2413,3.42,2,5,9,16-20K,0,0,2,1,0,Transitional,4,2026,2,885,18000,3,2,3,0
STU_2414,3.29,9,0,15,Below 10k,1,0,0,1,0,Transitional,3,2026,1,864,8000,3,1,1,1
STU_2415,3.45,7,3,8,10-15K,0,0,1,1,0,Transitional,4,2026,2,885,12500,3,2,2,0
STU_2416,2.71,2,5,9,16-20K,0,0,2,1,0,Transitional,5,2026,2,926,18000,3,0,3,0
STU_2417,2.93,5,0,2,Below 10k,1,0,0,1,0,Transitional,3,2026,1,864,8000,3,0,1,0
STU_2418,3.43,9,7,0,16-20K,0,0,2,1,1,Transitional,4,2026,2,887,18000,3,2,3,0
STU_2419,3.18,12,6,14,16-20K,0,0,2,1,0,Transitional,2,2026,1,845,18000,3,1,3,1
STU_2420,3.23,8,7,0,10-15K,0,0,1,1,0,Transitional,2,2026,1,846,12500,3,1,2,1
STU_2421,3.27,1,4,13,16-20K,0,0,2,1,0,Transitional,3,2026,1,876,18000,3,1,3,1
STU_2422,3.36,6,1,11,Below 10k,1,0,0,1,0,Transitional,5,2026,2,933,8000,3,1,1,1
STU_2423,3.1,6,6,14,Below 10k,0,0,0,1,0,Transitional,2,2026,1,844,8000,3,1,1,1
STU_2424,3.16,9,2,6,Below 10k,0,0,0,1,0,Transitional,4,2026,2,896,8000,3,1,1,1
STU_2425,3.17,10,7,0,10-15K,0,0,1,1,0,Transitional,6,2026,2,956,12500,3,1,2,1
STU_2426,3.02,11,5,9,Below 10k,0,0,0,1,0,Transitional,5,2026,2,923,8000,3,1,1,1
STU_2427,3.37,4,4,13,10-15K,0,0,1,1,1,Transitional,4,2026,2,903,12500,3,1,2,1
STU_2428,3.25,22,3,8,16-20K,0,0,2,1,0,Transitional,5,2026,2,937,18000,3,1,3,1
STU_2429,3.39,1,4,13,10-15K,1,0,1,1,0,Transitional,4,2026,2,894,12500,3,1,2,1
STU_2430,3.21,0,7,0,Below 10k,0,0,0,1,0,Transitional,2,2026,1,825,8000,3,1,1,1
STU_2431,3.73,8,7,0,10-15K,0,0,1,2,0,Transitional,6,2026,2,944,12500,3,2,3,1
STU_2432,3.45,11,5,9,10-15K,1,0,1,1,0,Transitional,2,2026,1,838,12500,3,2,2,0
STU_2433,3.37,0,1,11,16-20K,1,0,2,1,0,Transitional,2,2026,1,848,18000,3,1,3,1
STU_2434,3.6,21,0,5,10-15K,1,0,1,2,1,Transitional,3,2026,1,867,12500,3,2,3,1
STU_2435,3.21,16,4,13,Below 10k,0,0,0,1,0,Transitional,4,2026,2,902,8000,3,1,1,1
STU_2436,3.38,7,1,18,10-15K,0,0,1,1,0,Transitional,6,2026,2,951,12500,3,1,2,1
STU_2437,3.32,15,6,14,10-15K,1,0,1,1,0,Transitional,6,2026,2,968,12500,3,1,2,1
STU_2438,3.61,12,6,1,16-20K,0,0,2,2,0,Transitional,5,2026,2,925,18000,3,2,4,1
STU_2439,3.18,16,6,1,16-20K,1,0,2,1,1,Transitional,6,2026,2,951,18000,3,1,3,1
STU_2440,2.84,6,1,11,16-20K,0,0,2,1,0,Transitional,6,2026,2,943,18000,3,0,3,0
STU_2441,2.7,3,2,6,10-15K,1,0,1,1,1,Transitional,2,2026,1,837,12500,3,0,2,0
STU_2442,3.48,6,6,12,10-15K,1,0,1,1,0,Transitional,4,2026,2,897,12500,3,2,2,0
STU_2443,3.32,0,7,0,10-15K,1,0,1,1,0,Transitional,3,2026,1,868,12500,3,1,2,1
STU_2444,2.98,11,5,9,Below 10k,0,0,0,1,0,Transitional,3,2026,1,860,8000,3,0,1,0
STU_2445,3.18,9,0,2,16-20K,1,0,2,1,1,Transitional,6,2026,2,955,18000,3,1,3,1
STU_2446,3.13,20,1,17,Below 10k,0,0,0,1,0,Transitional,3,2026,1,851,8000,3,1,1,1
STU_2447,3.29,17,2,6,10-15K,0,0,1,1,0,Transitional,5,2026,2,939,12500,3,1,2,1
STU_2448,3.32,13,0,15,Below 10k,0,0,0,1,0,Transitional,6,2026,2,960,8000,3,1,1,1
STU_2449,2.52,22,3,8,16-20K,0,0,2,1,0,Transitional,6,2026,2,959,18000,3,0,3,0
STU_2450,3.42,10,2,6,Below 10k,0,0,0,1,0,Transitional,4,2026,2,882,8000,3,2,1,0
STU_2451,3.44,16,6,10,16-20K,0,0,2,1,0,Transitional,6,2026,2,972,18000,3,2,3,0
STU_2452,3.37,10,2,6,10-15K,0,0,1,1,0,Transitional,4,2026,2,894,12500,3,1,2,1
STU_2453,3.24,5,0,5,Below 10k,0,0,0,1,0,Transitional,5,2026,2,942,8000,3,1,1,1
STU_2454,3.36,11,5,9,Below 10k,0,0,0,1,0,Transitional,3,2026,1,862,8000,3,1,1,1
STU_2455,3.04,11,5,9,16-20K,1,0,2,1,1,Transitional,3,2026,1,866,18000,3,1,3,1
STU_2456,3.49,18,0,2,Below 10k,1,0,0,1,0,Transitional,6,2026,2,970,8000,3,2,1,0
STU_2457,3.2,12,6,14,Below 10k,0,0,0,1,0,Transitional,2,2026,1,823,8000,3,1,1,1
STU_2458,3.24,6,1,18,10-15K,0,0,1,1,0,Transitional,2,2026,1,829,12500,3,1,2,1
STU_2459,3.15,4,4,13,Below 10k,1,0,0,1,0,Transitional,2,2026,1,830,8000,3,1,1,1
STU_2460,3.45,4,4,13,Below 10k,1,0,0,1,0,Transitional,6,2026,2,964,8000,3,2,1,0
STU_2461,2.76,13,5,9,16-20K,1,0,2,1,1,Transitional,6,2026,2,945,18000,3,0,3,0
STU_2462,3.65,9,2,6,Below 10k,1,0,0,2,0,Transitional,4,2026,2,882,8000,3,2,2,1
STU_2463,3.22,13,5,9,Below 10k,0,0,0,1,0,Transitional,5,2026,2,923,8000,3,1,1,1
STU_2464,2.62,18,0,4,Below 10k,0,0,0,1,0,Transitional,3,2026,1,867,8000,3,0,1,0
STU_2465,3.2,16,4,13,16-20K,0,0,2,1,0,Transitional,2,2026,1,850,18000,3,1,3,1
STU_2466,2.63,11,5,9,16-20K,0,0,2,1,1,Transitional,5,2026,2,929,18000,3,0,3,0
STU_2467,3.35,22,3,8,Below 10k,1,0,0,1,0,Transitional,2,2026,1,850,8000,3,1,1,1
STU_2468,2.73,16,4,13,16-20K,1,0,2,1,0,Transitional,3,2026,1,853,18000,3,0,3,0
STU_2469,3.28,14,4,13,10-15K,1,0,1,1,0,Transitional,6,2026,2,949,12500,3,1,2,1
STU_2470,3.11,14,4,13,Below 10k,1,0,0,1,0,Transitional,2,2026,1,826,8000,3,1,1,1
STU_2471,3.62,0,1,17,10-15K,0,0,1,2,0,Transitional,2,2026,1,847,12500,3,2,3,1
STU_2472,3.68,22,3,8,Below 10k,1,0,0,2,0,Transitional,3,2026,1,853,8000,3,2,2,1
STU_2473,3.43,7,7,0,Below 10k,0,0,0,1,0,Transitional,2,2026,1,836,8000,3,2,1,0
STU_2474,3.31,10,2,6,16-20K,0,0,2,1,0,Transitional,4,2026,2,900,18000,3,1,3,1
STU_2475,3.11,13,5,9,16-20K,0,0,2,1,0,Transitional,6,2026,2,961,18000,3,1,3,1
STU_2476,3.24,14,4,13,Below 10k,0,0,0,1,1,Transitional,2,2026,1,841,8000,3,1,1,1
STU_2477,3.43,5,0,15,10-15K,1,0,1,1,0,Transitional,2,2026,1,835,12500,3,2,2,0
STU_2478,3.13,12,3,8,16-20K,0,0,2,1,1,Transitional,6,2026,2,963,18000,3,1,3,1
STU_2479,3.15,13,5,9,Below 10k,1,0,0,1,0,Transitional,2,2026,1,848,8000,3,1,1,1
STU_2480,3.36,16,4,13,10-15K,0,0,1,1,0,Transitional,4,2026,2,905,12500,3,1,2,1
STU_2481,3.8,13,5,9,10-15K,1,0,1,2,1,Transitional,4,2026,2,892,12500,3,2,3,1
STU_2482,3.46,14,4,13,10-15K,0,0,1,1,1,Transitional,2,2026,1,832,12500,3,2,2,0
STU_2483,3.24,10,7,0,10-15K,0,0,1,1,0,Transitional,6,2026,2,971,12500,3,1,2,1
STU_2484,3.17,5,3,8,16-20K,1,0,2,1,1,Transitional,4,2026,2,906,18000,3,1,3,1
STU_2485,2.99,0,7,0,16-20K,1,0,2,1,1,Transitional,3,2026,1,861,18000,3,0,3,0
STU_2486,3.36,3,2,6,Below 10k,1,0,0,1,0,Transitional,3,2026,1,881,8000,3,1,1,1
STU_2487,3.34,21,0,16,10-15K,0,0,1,1,0,Transitional,2,2026,1,849,12500,3,1,2,1
STU_2488,3.56,9,2,6,16-20K,0,0,2,2,0,Transitional,3,2026,1,857,18000,3,2,4,1
STU_2489,3.4,5,0,15,Below 10k,1,0,0,1,0,Transitional,5,2026,2,923,8000,3,2,1,0
STU_2490,3.17,8,7,0,16-20K,0,0,2,1,0,Transitional,6,2026,2,949,18000,3,1,3,1
STU_2491,2.81,1,4,13,10-15K,0,0,1,1,0,Transitional,3,2026,1,855,12500,3,0,2,0
STU_2492,2.9,9,7,0,10-15K,1,0,1,1,1,Transitional,3,2026,1,869,12500,3,0,2,0
STU_2493,2.77,16,4,13,10-15K,1,0,1,1,0,Transitional,6,2026,2,970,12500,3,0,2,0
STU_2494,3.22,16,6,10,16-20K,1,0,2,1,1,Transitional,2,2026,1,836,18000,3,1,3,1
STU_2495,3.25,13,5,9,10-15K,0,0,1,1,1,Transitional,4,2026,2,901,12500,3,1,2,1
STU_2496,3.56,0,1,18,16-20K,0,0,2,2,0,Transitional,4,2026,2,892,18000,3,2,4,1
STU_2497,2.67,6,6,12,16-20K,0,0,2,1,0,Transitional,4,2026,2,901,18000,3,0,3,0
STU_2498,2.88,10,2,6,Below 10k,1,0,0,1,0,Transitional,2,2026,1,823,8000,3,0,1,0
STU_2499,3.75,16,6,3,Below 10k,0,0,0,2,0,Transitional,6,2026,2,953,8000,3,2,2,1
STU_2500,3.23,13,0,15,16-20K,0,0,2,1,0,Transitional,2,2026,1,838,18000,3,1,3,1
STU_2501,3.38,16,4,13,Below 10k,0,0,0,1,0,Transitional,3,2026,1,873,8000,3,1,1,1
STU_2502,3.2,13,5,9,10-15K,0,0,1,1,0,Transitional,3,2026,1,853,12500,3,1,2,1
STU_2503,3.46,11,5,9,10-15K,1,0,1,1,0,Transitional,3,2026,1,878,12500,3,2,2,0
STU_2504,3.12,0,1,17,10-15K,0,0,1,1,0,Transitional,2,2026,1,832,12500,3,1,2,1
STU_2505,3.39,2,5,9,Below 10k,1,0,0,1,0,Transitional,5,2026,2,918,8000,3,1,1,1
STU_2506,3.53,13,0,2,10-15K,1,0,1,2,0,Transitional,4,2026,2,882,12500,3,2,3,1
STU_2507,3.25,5,3,8,10-15K,0,0,1,1,0,Transitional,2,2026,1,837,12500,3,1,2,1
STU_2508,3.29,14,4,13,16-20K,1,0,2,1,1,Transitional,3,2026,1,869,18000,3,1,3,1
STU_2509,3.42,5,0,5,16-20K,1,0,2,1,0,Transitional,4,2026,2,896,18000,3,2,3,0
STU_2510,3.73,16,6,10,10-15K,0,0,1,2,0,Transitional,6,2026,2,948,12500,3,2,3,1
STU_2511,3.3,15,6,10,Below 10k,0,0,0,1,0,Transitional,2,2026,1,834,8000,3,1,1,1
STU_2512,3.36,10,7,0,10-15K,1,0,1,1,1,Transitional,6,2026,2,947,12500,3,1,2,1
STU_2513,3.35,13,0,15,Below 10k,1,0,0,1,0,Transitional,2,2026,1,825,8000,3,1,1,1
STU_2514,3.38,7,7,0,10-15K,0,0,1,1,0,Transitional,2,2026,1,848,12500,3,1,2,1
STU_2515,2.76,3,2,6,Below 10k,1,0,0,1,0,Transitional,4,2026,2,893,8000,3,0,1,0
STU_2516,3.44,13,5,9,16-20K,0,0,2,1,0,Transitional,6,2026,2,957,18000,3,2,3,0
STU_2517,2.71,16,6,1,16-20K,0,0,2,1,0,Transitional,4,2026,2,892,18000,3,0,3,0
STU_2518,3.3,12,6,3,16-20K,1,0,2,1,1,Transitional,4,2026,2,902,18000,3,1,3,1
STU_2519,3.45,7,3,8,16-20K,1,0,2,1,1,Transitional,3,2026,1,876,18000,3,2,3,0
STU_2520,3.44,10,2,6,Below 10k,0,0,0,1,0,Transitional,4,2026,2,890,8000,3,2,1,0
STU_2521,3.24,16,4,13,Below 10k,0,0,0,1,0,Transitional,3,2026,1,854,8000,3,1,1,1
STU_2522,3.17,7,7,0,10-15K,0,0,1,1,0,Transitional,3,2026,1,869,12500,3,1,2,1
STU_2523,3.47,16,4,13,10-15K,0,0,1,1,0,Transitional,3,2026,1,855,12500,3,2,2,0
STU_2524,3.37,3,2,6,Below 10k,0,0,0,1,0,Transitional,6,2026,2,955,8000,3,1,1,1
STU_2525,3.75,6,6,10,16-20K,0,0,2,2,0,Transitional,5,2026,2,926,18000,3,2,4,1
STU_2526,3.1,1,4,13,10-15K,0,0,1,1,0,Transitional,5,2026,2,919,12500,3,1,2,1
STU_2527,3.27,21,0,2,10-15K,1,0,1,1,0,Transitional,4,2026,2,898,12500,3,1,2,1
STU_2528,3.3,5,1,18,Below 10k,0,0,0,1,0,Transitional,2,2026,1,826,8000,3,1,1,1
STU_2529,3.48,6,6,14,Below 10k,0,0,0,1,0,Transitional,3,2026,1,854,8000,3,2,1,0
STU_2530,3.11,7,7,0,10-15K,1,0,1,1,0,Transitional,4,2026,2,906,12500,3,1,2,1
STU_2531,3.49,22,3,8,16-20K,0,0,2,1,0,Transitional,4,2026,2,887,18000,3,2,3,0
STU_2532,3.54,21,0,2,10-15K,0,0,1,2,0,Transitional,2,2026,1,823,12500,3,2,3,1
STU_2533,2.84,9,2,6,10-15K,0,0,1,1,0,Transitional,2,2026,1,846,12500,3,0,2,0
STU_2534,3.25,8,7,0,10-15K,1,0,1,1,0,Transitional,3,2026,1,868,12500,3,1,2,1
STU_2535,3.28,9,2,6,Below 10k,0,0,0,1,0,Transitional,5,2026,2,921,8000,3,1,1,1
STU_2536,3.41,2,5,9,16-20K,1,0,2,1,1,Transitional,3,2026,1,857,18000,3,2,3,0
STU_2537,3.36,7,3,8,16-20K,1,0,2,1,1,Transitional,3,2026,1,851,18000,3,1,3,1
STU_2538,3.88,6,6,14,Below 10k,1,0,0,2,0,Transitional,5,2026,2,916,8000,3,2,2,1
STU_2539,3.14,12,3,8,Below 10k,1,0,0,1,0,Transitional,3,2026,1,872,8000,3,1,1,1
STU_2540,3.35,2,5,9,16-20K,0,0,2,1,0,Transitional,2,2026,1,847,18000,3,1,3,1
STU_2541,2.88,5,3,8,Below 10k,1,0,0,1,0,Transitional,5,2026,2,920,8000,3,0,1,0
STU_2542,3.36,4,4,13,16-20K,1,0,2,1,0,Transitional,6,2026,2,946,18000,3,1,3,1
STU_2543,3.7,6,6,1,10-15K,0,0,1,2,0,Transitional,6,2026,2,947,12500,3,2,3,1
STU_2544,3.22,4,4,13,Below 10k,1,0,0,1,0,Transitional,6,2026,2,962,8000,3,1,1,1
STU_2545,3.34,16,6,1,10-15K,1,0,1,1,0,Transitional,5,2026,2,936,12500,3,1,2,1
STU_2546,3.47,10,7,0,16-20K,0,0,2,1,0,Transitional,4,2026,2,900,18000,3,2,3,0
STU_2547,3.48,17,2,6,16-20K,1,0,2,1,1,Transitional,4,2026,2,890,18000,3,2,3,0
STU_2548,3.12,1,4,13,Below 10k,1,0,0,1,0,Transitional,2,2026,1,827,8000,3,1,1,1
STU_2549,3.31,2,5,9,16-20K,1,0,2,1,1,Transitional,3,2026,1,869,18000,3,1,3,1
STU_2550,3.49,5,1,11,16-20K,0,0,2,1,0,Transitional,5,2026,2,918,18000,3,2,3,0
STU_2551,3.46,15,6,1,10-15K,1,0,1,1,1,Transitional,4,2026,2,909,12500,3,2,2,0
STU_2552,3.42,13,0,16,10-15K,1,0,1,1,0,Transitional,4,2026,2,885,12500,3,2,2,0
STU_2553,3.45,22,3,8,10-15K,0,0,1,1,0,Transitional,5,2026,2,923,12500,3,2,2,0
STU_2554,3.24,13,5,9,10-15K,0,0,1,1,0,Transitional,4,2026,2,885,12500,3,1,2,1
STU_2555,3.46,2,5,9,10-15K,0,0,1,1,0,Transitional,2,2026,1,826,12500,3,2,2,0
STU_2556,3.38,6,6,1,16-20K,1,0,2,1,0,Transitional,3,2026,1,852,18000,3,1,3,1
STU_2557,3.29,20,1,18,Below 10k,1,0,0,1,0,Transitional,3,2026,1,874,8000,3,1,1,1
STU_2558,3.25,7,7,0,10-15K,0,0,1,1,0,Transitional,6,2026,2,963,12500,3,1,2,1
STU_2559,3.36,11,5,9,16-20K,0,0,2,1,0,Transitional,4,2026,2,888,18000,3,1,3,1
STU_2560,3.23,16,4,13,Below 10k,0,0,0,1,0,Transitional,6,2026,2,970,8000,3,1,1,1
STU_2561,3.37,5,1,11,10-15K,1,0,1,1,0,Transitional,3,2026,1,862,12500,3,1,2,1
STU_2562,3.04,18,0,4,Below 10k,0,0,0,1,0,Transitional,3,2026,1,877,8000,3,1,1,1
STU_2563,3.18,1,4,13,Below 10k,1,0,0,1,0,Transitional,4,2026,2,889,8000,3,1,1,1
STU_2564,3.34,2,5,9,16-20K,0,0,2,1,0,Transitional,5,2026,2,942,18000,3,1,3,1
STU_2565,2.6,4,4,13,16-20K,0,0,2,1,0,Transitional,2,2026,1,844,18000,3,0,3,0
STU_2566,3.25,12,3,8,10-15K,0,0,1,1,0,Transitional,6,2026,2,947,12500,3,1,2,1
STU_2567,3.53,16,4,13,16-20K,1,0,2,2,1,Transitional,4,2026,2,888,18000,3,2,4,1
STU_2568,3.48,9,2,6,10-15K,1,0,1,1,0,Transitional,5,2026,2,919,12500,3,2,2,0
STU_2569,3.12,6,1,11,Below 10k,0,0,0,1,0,Transitional,4,2026,2,884,8000,3,1,1,1
STU_2570,2.91,7,3,8,10-15K,0,0,1,1,0,Transitional,6,2026,2,955,12500,3,0,2,0
STU_2571,3.46,9,0,5,16-20K,0,0,2,1,0,Transitional,6,2026,2,969,18000,3,2,3,0
STU_2572,2.98,14,4,13,Below 10k,1,0,0,1,0,Transitional,3,2026,1,852,8000,3,0,1,0
STU_2573,3.38,8,7,0,16-20K,1,0,2,1,0,Transitional,3,2026,1,873,18000,3,1,3,1
STU_2574,3.21,5,0,4,16-20K,0,0,2,1,0,Transitional,6,2026,2,946,18000,3,1,3,1
STU_2575,3.64,22,3,8,Below 10k,0,0,0,2,0,Transitional,3,2026,1,869,8000,3,2,2,1
STU_2576,3.88,10,7,0,16-20K,0,0,2,2,0,Transitional,4,2026,2,894,18000,3,2,4,1
STU_2577,3.26,19,6,10,10-15K,1,0,1,1,0,Transitional,5,2026,2,937,12500,3,1,2,1
STU_2578,3.38,6,6,12,Below 10k,0,0,0,1,0,Transitional,4,2026,2,887,8000,3,1,1,1
STU_2579,3.18,17,2,6,Below 10k,1,0,0,1,0,Transitional,3,2026,1,854,8000,3,1,1,1
STU_2580,3.28,14,4,13,16-20K,1,0,2,1,0,Transitional,2,2026,1,826,18000,3,1,3,1
STU_2581,3.44,15,6,10,Below 10k,0,0,0,1,0,Transitional,2,2026,1,833,8000,3,2,1,0
STU_2582,2.73,12,3,8,16-20K,1,0,2,1,0,Transitional,5,2026,2,924,18000,3,0,3,0
STU_2583,3.21,9,0,15,10-15K,1,0,1,1,0,Transitional,4,2026,2,903,12500,3,1,2,1
STU_2584,3.1,10,7,0,16-20K,0,0,2,1,1,Transitional,5,2026,2,930,18000,3,1,3,1
STU_2585,3.82,5,1,17,Below 10k,1,0,0,2,0,Transitional,6,2026,2,951,8000,3,2,2,1
STU_2586,3.49,5,3,8,Below 10k,0,0,0,1,0,Transitional,2,2026,1,845,8000,3,2,1,0
STU_2587,3.22,20,1,17,16-20K,0,0,2,1,0,Transitional,6,2026,2,952,18000,3,1,3,1
STU_2588,3.2,22,3,8,Below 10k,0,0,0,1,0,Transitional,3,2026,1,871,8000,3,1,1,1
STU_2589,3.28,10,7,0,Below 10k,1,0,0,1,0,Transitional,6,2026,2,962,8000,3,1,1,1
STU_2590,3.48,7,3,8,10-15K,0,0,1,1,0,Transitional,2,2026,1,849,12500,3,2,2,0
STU_2591,2.67,19,6,14,16-20K,0,0,2,1,0,Transitional,3,2026,1,865,18000,3,0,3,0
STU_2592,3.69,16,4,13,Below 10k,1,0,0,2,1,Transitional,4,2026,2,890,8000,3,2,2,1
STU_2593,3.69,4,4,13,10-15K,1,0,1,2,1,Transitional,2,2026,1,831,12500,3,2,3,1
STU_2594,2.56,16,4,13,16-20K,0,0,2,1,0,Transitional,4,2026,2,898,18000,3,0,3,0
STU_2595,3.3,9,2,6,Below 10k,0,0,0,1,1,Transitional,3,2026,1,863,8000,3,1,1,1
STU_2596,2.68,3,2,6,Below 10k,0,0,0,1,0,Transitional,2,2026,1,824,8000,3,0,1,0
STU_2597,3.43,13,5,9,Below 10k,0,0,0,1,0,Transitional,2,2026,1,830,8000,3,2,1,0
STU_2598,3.05,13,0,5,10-15K,0,0,1,1,0,Transitional,6,2026,2,956,12500,3,1,2,1
STU_2599,3.59,2,5,9,10-15K,1,0,1,2,1,Transitional,2,2026,1,832,12500,3,2,3,1
STU_2600,2.57,19,6,14,10-15K,0,0,1,1,0,Transitional,5,2026,2,924,12500,3,0,2,0
STU_2601,2.64,7,3,8,Below 10k,1,0,0,1,0,Transitional,2,2026,1,831,8000,3,0,1,0
STU_2602,3.41,9,7,0,16-20K,0,0,2,1,0,Transitional,5,2026,2,927,18000,3,2,3,0
STU_2603,2.7,5,3,8,Below 10k,1,0,0,1,0,Transitional,6,2026,2,944,8000,3,0,1,0
STU_2604,2.75,9,0,4,10-15K,0,0,1,1,1,Transitional,3,2026,1,871,12500,3,0,2,0
STU_2605,3.47,7,7,0,Below 10k,0,0,0,1,0,Transitional,6,2026,2,966,8000,3,2,1,0
STU_2606,3.43,22,3,8,16-20K,0,0,2,1,0,Transitional,3,2026,1,860,18000,3,2,3,0
STU_2607,2.75,2,5,9,10-15K,1,0,1,1,0,Transitional,2,2026,1,828,12500,3,0,2,0
STU_2608,3.24,16,6,14,Below 10k,0,0,0,1,0,Transitional,3,2026,1,881,8000,3,1,1,1
STU_2609,3.13,9,2,6,16-20K,1,0,2,1,0,Transitional,2,2026,1,825,18000,3,1,3,1
STU_2610,2.88,13,0,4,Below 10k,0,0,0,1,0,Transitional,5,2026,2,941,8000,3,0,1,0
STU_2611,3.1,1,4,13,10-15K,1,0,1,1,0,Transitional,6,2026,2,952,12500,3,1,2,1
STU_2612,3.8,5,1,18,10-15K,0,0,1,2,0,Transitional,4,2026,2,903,12500,3,2,3,1
STU_2613,3.78,21,0,5,10-15K,0,0,1,2,1,Transitional,6,2026,2,957,12500,3,2,3,1
STU_2614,2.58,6,6,10,10-15K,1,0,1,1,0,Transitional,5,2026,2,922,12500,3,0,2,0
STU_2615,2.1,20,1,17,Below 10k,1,0,0,0,0,Transitional,2,2026,1,841,8000,3,0,0,1
STU_2616,2.65,12,6,3,16-20K,0,0,2,1,0,Transitional,6,2026,2,967,18000,3,0,3,0
STU_2617,3.44,15,6,3,Below 10k,1,0,0,1,0,Transitional,4,2026,2,896,8000,3,2,1,0
STU_2618,3.84,8,7,0,Below 10k,0,0,0,2,0,Transitional,5,2026,2,918,8000,3,2,2,1
STU_2619,3.37,9,2,6,Below 10k,1,0,0,1,0,Transitional,6,2026,2,944,8000,3,1,1,1
STU_2620,3.0,0,7,0,10-15K,1,0,1,1,0,Transitional,3,2026,1,856,12500,3,1,2,1
STU_2621,3.3,19,6,1,Below 10k,1,0,0,1,0,Transitional,4,2026,2,883,8000,3,1,1,1
STU_2622,2.1,7,3,8,16-20K,0,0,2,0,0,Transitional,4,2026,2,906,18000,3,0,2,1
STU_2623,3.19,4,4,13,Below 10k,0,0,0,1,0,Transitional,6,2026,2,965,8000,3,1,1,1
STU_2624,3.32,4,4,13,Below 10k,0,0,0,1,0,Transitional,6,2026,2,963,8000,3,1,1,1
STU_2625,3.18,12,6,14,16-20K,1,0,2,1,1,Transitional,3,2026,1,873,18000,3,1,3,1
STU_2626,2.44,9,7,0,10-15K,0,0,1,0,0,Transitional,3,2026,1,879,12500,3,0,1,1
STU_2627,3.37,19,6,10,Below 10k,1,0,0,1,0,Transitional,5,2026,2,919,8000,3,1,1,1
STU_2628,3.21,12,3,8,16-20K,1,0,2,1,1,Transitional,6,2026,2,956,18000,3,1,3,1
STU_2629,3.23,0,7,0,10-15K,0,0,1,1,0,Transitional,6,2026,2,966,12500,3,1,2,1
STU_2630,3.62,15,6,1,16-20K,0,0,2,2,0,Transitional,5,2026,2,923,18000,3,2,4,1
STU_2631,3.15,5,3,8,16-20K,0,0,2,1,0,Transitional,3,2026,1,881,18000,3,1,3,1
STU_2632,2.78,18,0,4,10-15K,0,0,1,1,0,Transitional,4,2026,2,897,12500,3,0,2,0
STU_2633,3.44,10,7,0,16-20K,1,0,2,1,0,Transitional,3,2026,1,854,18000,3,2,3,0
STU_2634,3.44,12,3,8,10-15K,0,0,1,1,0,Transitional,3,2026,1,875,12500,3,2,2,0
STU_2635,3.28,7,7,0,10-15K,1,0,1,1,0,Transitional,4,2026,2,909,12500,3,1,2,1
STU_2636,3.67,4,4,13,16-20K,1,0,2,2,1,Transitional,2,2026,1,836,18000,3,2,4,1
STU_2637,3.33,13,5,9,10-15K,0,0,1,1,1,Transitional,3,2026,1,877,12500,3,1,2,1
STU_2638,3.14,14,4,13,Below 10k,0,0,0,1,0,Transitional,6,2026,2,945,8000,3,1,1,1
STU_2639,3.26,13,5,9,16-20K,0,0,2,1,0,Transitional,5,2026,2,927,18000,3,1,3,1
STU_2640,3.35,16,6,12,Below 10k,1,0,0,1,0,Transitional,5,2026,2,931,8000,3,1,1,1
STU_2641,3.84,13,0,16,10-15K,0,0,1,2,0,Transitional,4,2026,2,885,12500,3,2,3,1
STU_2642,2.59,4,4,13,16-20K,0,0,2,1,0,Transitional,6,2026,2,965,18000,3,0,3,0
STU_2643,2.53,7,1,11,10-15K,1,0,1,1,0,Transitional,5,2026,2,936,12500,3,0,2,0
STU_2644,3.34,6,1,11,Below 10k,0,0,0,1,0,Transitional,6,2026,2,947,8000,3,1,1,1
STU_2645,2.85,15,6,3,Below 10k,0,0,0,1,0,Transitional,6,2026,2,966,8000,3,0,1,0
STU_2646,3.31,12,6,1,10-15K,1,0,1,1,0,Transitional,5,2026,2,939,12500,3,1,2,1
STU_2647,2.69,10,2,6,Below 10k,1,0,0,1,0,Transitional,6,2026,2,972,8000,3,0,1,0
STU_2648,3.36,7,3,8,10-15K,0,0,1,1,0,Transitional,5,2026,2,919,12500,3,1,2,1
STU_2649,3.41,13,0,15,Below 10k,1,0,0,1,0,Transitional,4,2026,2,896,8000,3,2,1,0
STU_2650,3.26,9,7,0,16-20K,1,0,2,1,0,Transitional,3,2026,1,865,18000,3,1,3,1
STU_2651,2.38,6,6,12,Below 10k,0,0,0,0,0,Transitional,6,2026,2,967,8000,3,0,0,1
STU_2652,3.1,0,7,0,16-20K,0,0,2,1,0,Transitional,2,2026,1,835,18000,3,1,3,1
STU_2653,3.42,2,5,9,10-15K,0,0,1,1,0,Transitional,4,2026,2,905,12500,3,2,2,0
STU_2654,2.9,10,2,6,10-15K,1,0,1,1,1,Transitional,3,2026,1,867,12500,3,0,2,0
STU_2655,2.69,10,2,6,Below 10k,1,0,0,1,0,Transitional,2,2026,1,831,8000,3,0,1,0
STU_2656,3.28,7,7,0,16-20K,0,0,2,1,0,Transitional,3,2026,1,878,18000,3,1,3,1
STU_2657,3.22,6,1,18,16-20K,0,0,2,1,0,Transitional,3,2026,1,861,18000,3,1,3,1
STU_2658,3.3,2,5,9,16-20K,0,0,2,1,0,Transitional,5,2026,2,933,18000,3,1,3,1
STU_2659,3.21,10,2,6,Below 10k,0,0,0,1,0,Transitional,4,2026,2,884,8000,3,1,1,1
STU_2660,3.22,9,2,6,16-20K,1,0,2,1,0,Transitional,3,2026,1,869,18000,3,1,3,1
STU_2661,2.95,2,5,9,Below 10k,1,0,0,1,0,Transitional,5,2026,2,927,8000,3,0,1,0
STU_2662,3.24,9,0,2,10-15K,0,0,1,1,0,Transitional,6,2026,2,970,12500,3,1,2,1
STU_2663,3.49,16,4,13,Below 10k,0,0,0,1,0,Transitional,5,2026,2,932,8000,3,2,1,0
STU_2664,3.17,6,1,11,10-15K,1,0,1,1,1,Transitional,4,2026,2,898,12500,3,1,2,1
STU_2665,3.62,10,2,6,16-20K,1,0,2,2,1,Transitional,4,2026,2,903,18000,3,2,4,1
STU_2666,3.45,7,7,0,Below 10k,0,0,0,1,0,Transitional,3,2026,1,851,8000,3,2,1,0
STU_2667,3.3,5,3,8,Below 10k,1,0,0,1,0,Transitional,5,2026,2,935,8000,3,1,1,1
STU_2668,2.93,8,7,0,16-20K,1,0,2,1,0,Transitional,5,2026,2,923,18000,3,0,3,0
STU_2669,3.47,22,3,8,Below 10k,1,0,0,1,0,Transitional,2,2026,1,839,8000,3,2,1,0
STU_2670,3.26,13,5,9,10-15K,1,0,1,1,0,Transitional,5,2026,2,920,12500,3,1,2,1
STU_2671,3.43,1,4,13,Below 10k,1,0,0,1,0,Transitional,3,2026,1,853,8000,3,2,1,0
STU_2672,3.38,14,4,13,Below 10k,1,0,0,1,0,Transitional,5,2026,2,928,8000,3,1,1,1
STU_2673,3.45,5,3,8,10-15K,1,0,1,1,0,Transitional,6,2026,2,943,12500,3,2,2,0
STU_2674,3.28,16,6,14,16-20K,1,0,2,1,1,Transitional,4,2026,2,899,18000,3,1,3,1
STU_2675,3.46,9,2,6,Below 10k,0,0,0,1,0,Transitional,5,2026,2,938,8000,3,2,1,0
STU_2676,3.4,6,1,18,16-20K,0,0,2,1,0,Transitional,4,2026,2,909,18000,3,2,3,0
STU_2677,3.26,13,0,5,10-15K,1,0,1,1,1,Transitional,3,2026,1,866,12500,3,1,2,1
STU_2678,3.47,17,2,6,Below 10k,1,0,0,1,0,Transitional,2,2026,1,830,8000,3,2,1,0
STU_2679,3.47,18,0,4,Below 10k,1,0,0,1,0,Transitional,6,2026,2,948,8000,3,2,1,0
STU_2680,2.97,21,0,2,Below 10k,0,0,0,1,0,Transitional,2,2026,1,830,8000,3,0,1,0
STU_2681,3.13,20,1,18,Below 10k,1,0,0,1,0,Transitional,3,2026,1,853,8000,3,1,1,1
STU_2682,3.0,10,2,6,10-15K,1,0,1,1,1,Transitional,6,2026,2,969,12500,3,1,2,1
STU_2683,2.62,7,3,8,16-20K,0,0,2,1,1,Transitional,2,2026,1,844,18000,3,0,3,0
STU_2684,3.2,21,0,4,10-15K,1,0,1,1,0,Transitional,2,2026,1,834,12500,3,1,2,1
STU_2685,3.41,10,7,0,Below 10k,1,0,0,1,0,Transitional,5,2026,2,912,8000,3,2,1,0
STU_2686,3.46,10,2,6,16-20K,0,0,2,1,0,Transitional,2,2026,1,850,18000,3,2,3,0
STU_2687,3.11,6,6,1,10-15K,0,0,1,1,0,Transitional,2,2026,1,846,12500,3,1,2,1
STU_2688,2.38,22,3,8,16-20K,1,0,2,0,0,Transitional,2,2026,1,824,18000,3,0,2,1
STU_2689,2.62,10,7,0,Below 10k,1,0,0,1,0,Transitional,2,2026,1,823,8000,3,0,1,0
STU_2690,3.21,3,2,6,10-15K,0,0,1,1,0,Transitional,5,2026,2,925,12500,3,1,2,1
STU_2691,3.48,0,7,0,Below 10k,0,0,0,1,0,Transitional,2,2026,1,830,8000,3,2,1,0
STU_2692,3.44,11,5,9,10-15K,1,0,1,1,0,Transitional,2,2026,1,825,12500,3,2,2,0
STU_2693,2.84,11,5,9,16-20K,1,0,2,1,1,Transitional,2,2026,1,844,18000,3,0,3,0
STU_2694,2.67,12,6,12,Below 10k,1,0,0,1,0,Transitional,2,2026,1,841,8000,3,0,1,0
STU_2695,3.17,8,7,0,Below 10k,0,0,0,1,0,Transitional,5,2026,2,914,8000,3,1,1,1
STU_2696,3.23,17,2,6,Below 10k,0,0,0,1,0,Transitional,4,2026,2,911,8000,3,1,1,1
STU_2697,3.48,17,2,6,Below 10k,0,0,0,1,0,Transitional,4,2026,2,910,8000,3,2,1,0
STU_2698,3.44,6,6,14,Below 10k,1,0,0,1,0,Transitional,6,2026,2,949,8000,3,2,1,0
STU_2699,3.25,15,6,3,10-15K,0,0,1,1,0,Transitional,3,2026,1,863,12500,3,1,2,1
STU_2700,3.64,10,7,0,Below 10k,1,0,0,2,1,Transitional,4,2026,2,906,8000,3,2,2,1
STU_2701,2.59,8,7,0,16-20K,0,0,2,1,0,Transitional,2,2026,1,835,18000,3,0,3,0
STU_2702,3.24,14,4,13,16-20K,1,0,2,1,1,Transitional,6,2026,2,955,18000,3,1,3,1
STU_2703,2.85,22,3,8,Below 10k,0,0,0,1,0,Transitional,5,2026,2,928,8000,3,0,1,0
STU_2704,2.51,13,5,9,16-20K,1,0,2,1,0,Transitional,4,2026,2,906,18000,3,0,3,0
STU_2705,3.89,17,2,6,10-15K,1,0,1,2,0,Transitional,5,2026,2,937,12500,3,2,3,1
STU_2706,3.2,14,4,13,16-20K,0,0,2,1,0,Transitional,5,2026,2,917,18000,3,1,3,1
STU_2707,3.37,10,7,0,10-15K,0,0,1,1,0,Transitional,5,2026,2,925,12500,3,1,2,1
STU_2708,3.3,1,4,13,10-15K,0,0,1,1,0,Transitional,5,2026,2,941,12500,3,1,2,1
STU_2709,3.22,11,5,9,Below 10k,1,0,0,1,0,Transitional,4,2026,2,884,8000,3,1,1,1
STU_2710,3.62,18,0,16,Below 10k,0,0,0,2,0,Transitional,6,2026,2,947,8000,3,2,2,1
STU_2711,3.33,13,0,16,16-20K,0,0,2,1,0,Transitional,6,2026,2,952,18000,3,1,3,1
STU_2712,3.17,7,3,8,16-20K,0,0,2,1,0,Transitional,3,2026,1,872,18000,3,1,3,1
STU_2713,2.55,1,4,13,16-20K,0,0,2,1,0,Transitional,2,2026,1,833,18000,3,0,3,0
STU_2714,3.3,17,2,6,16-20K,0,0,2,1,0,Transitional,6,2026,2,964,18000,3,1,3,1
STU_2715,3.21,10,2,6,10-15K,1,0,1,1,0,Transitional,6,2026,2,968,12500,3,1,2,1
STU_2716,3.92,19,6,14,Below 10k,0,0,0,2,0,Transitional,6,2026,2,959,8000,3,2,2,1
STU_2717,3.18,4,4,13,Below 10k,0,0,0,1,0,Transitional,4,2026,2,889,8000,3,1,1,1
STU_2718,3.44,22,3,8,Below 10k,0,0,0,1,0,Transitional,3,2026,1,865,8000,3,2,1,0
STU_2719,3.35,5,3,8,10-15K,0,0,1,1,0,Transitional,3,2026,1,876,12500,3,1,2,1
STU_2720,3.09,17,2,6,Below 10k,1,0,0,1,0,Transitional,5,2026,2,936,8000,3,1,1,1
STU_2721,3.11,22,3,8,16-20K,1,0,2,1,0,Transitional,6,2026,2,968,18000,3,1,3,1
STU_2722,3.4,11,5,9,Below 10k,1,0,0,1,0,Transitional,2,2026,1,834,8000,3,2,1,0
STU_2723,3.23,10,7,0,Below 10k,1,0,0,1,0,Transitional,3,2026,1,867,8000,3,1,1,1
STU_2724,3.48,7,1,17,Below 10k,0,0,0,1,0,Transitional,5,2026,2,921,8000,3,2,1,0
STU_2725,3.27,14,4,13,Below 10k,1,0,0,1,0,Transitional,5,2026,2,936,8000,3,1,1,1
STU_2726,3.28,16,4,13,16-20K,0,0,2,1,0,Transitional,6,2026,2,958,18000,3,1,3,1
STU_2727,2.52,16,4,13,16-20K,0,0,2,1,0,Transitional,6,2026,2,960,18000,3,0,3,0
STU_2728,3.29,10,2,6,Below 10k,1,0,0,1,0,Transitional,3,2026,1,863,8000,3,1,1,1
STU_2729,3.32,14,4,13,10-15K,0,0,1,1,0,Transitional,4,2026,2,887,12500,3,1,2,1
STU_2730,3.12,8,7,0,16-20K,0,0,2,1,1,Transitional,5,2026,2,931,18000,3,1,3,1
STU_2731,3.16,14,4,13,Below 10k,0,0,0,1,0,Transitional,4,2026,2,882,8000,3,1,1,1
STU_2732,3.38,22,3,8,Below 10k,1,0,0,1,0,Transitional,3,2026,1,876,8000,3,1,1,1
STU_2733,2.61,7,3,8,16-20K,1,0,2,1,1,Transitional,3,2026,1,873,18000,3,0,3,0
STU_2734,2.97,0,1,18,16-20K,0,0,2,1,0,Transitional,4,2026,2,910,18000,3,0,3,0
STU_2735,3.72,7,3,8,10-15K,0,0,1,2,0,Transitional,6,2026,2,967,12500,3,2,3,1
STU_2736,3.62,21,0,5,16-20K,1,0,2,2,0,Transitional,2,2026,1,838,18000,3,2,4,1
STU_2737,2.54,15,6,3,16-20K,0,0,2,1,0,Transitional,2,2026,1,824,18000,3,0,3,0
STU_2738,3.34,7,7,0,16-20K,0,0,2,1,0,Transitional,6,2026,2,966,18000,3,1,3,1
STU_2739,3.45,14,4,13,Below 10k,1,0,0,1,0,Transitional,6,2026,2,968,8000,3,2,1,0
STU_2740,3.48,7,7,0,Below 10k,0,0,0,1,0,Transitional,3,2026,1,853,8000,3,2,1,0
STU_2741,3.4,3,2,6,10-15K,0,0,1,1,0,Transitional,2,2026,1,844,12500,3,2,2,0
STU_2742,3.22,22,3,8,16-20K,1,0,2,1,1,Transitional,6,2026,2,967,18000,3,1,3,1
STU_2743,3.31,11,5,9,Below 10k,0,0,0,1,0,Transitional,3,2026,1,869,8000,3,1,1,1
STU_2744,3.21,2,5,9,16-20K,0,0,2,1,0,Transitional,6,2026,2,964,18000,3,1,3,1
STU_2745,3.16,9,0,16,16-20K,0,0,2,1,0,Transitional,2,2026,1,827,18000,3,1,3,1
STU_2746,3.42,9,2,6,10-15K,1,0,1,1,0,Transitional,5,2026,2,932,12500,3,2,2,0
STU_2747,3.17,5,1,18,10-15K,0,0,1,1,1,Transitional,6,2026,2,971,12500,3,1,2,1
STU_2748,3.13,0,1,18,10-15K,0,0,1,1,0,Transitional,5,2026,2,914,12500,3,1,2,1
STU_2749,3.38,0,7,0,Below 10k,1,0,0,1,0,Transitional,5,2026,2,942,8000,3,1,1,1
STU_2750,2.64,7,1,17,16-20K,1,0,2,1,1,Transitional,3,2026,1,851,18000,3,0,3,0
STU_2751,2.85,20,1,17,Below 10k,1,0,0,1,0,Transitional,2,2026,1,839,8000,3,0,1,0
STU_2752,3.79,18,0,16,Below 10k,0,0,0,2,0,Transitional,2,2026,1,843,8000,3,2,2,1
STU_2753,2.99,12,6,12,16-20K,1,0,2,1,1,Transitional,2,2026,1,848,18000,3,0,3,0
STU_2754,2.43,13,5,9,Below 10k,1,0,0,0,0,Transitional,6,2026,2,968,8000,3,0,0,1
STU_2755,2.52,14,4,13,16-20K,0,0,2,1,0,Transitional,5,2026,2,914,18000,3,0,3,0
STU_2756,3.47,17,2,6,10-15K,1,0,1,1,1,Transitional,2,2026,1,843,12500,3,2,2,0
STU_2757,2.96,2,5,9,10-15K,1,0,1,1,0,Transitional,2,2026,1,824,12500,3,0,2,0
STU_2758,2.83,9,0,15,10-15K,0,0,1,1,0,Transitional,4,2026,2,898,12500,3,0,2,0
STU_2759,3.46,5,0,16,16-20K,0,0,2,1,0,Transitional,6,2026,2,960,18000,3,2,3,0
STU_2760,3.46,18,0,5,Below 10k,1,0,0,1,0,Transitional,3,2026,1,864,8000,3,2,1,0
STU_2761,3.41,3,2,6,16-20K,0,0,2,1,0,Transitional,6,2026,2,965,18000,3,2,3,0
STU_2762,2.69,5,3,8,16-20K,1,0,2,1,1,Transitional,2,2026,1,847,18000,3,0,3,0
STU_2763,3.9,9,2,6,16-20K,1,0,2,2,0,Transitional,6,2026,2,944,18000,3,2,4,1
STU_2764,2.81,11,5,9,16-20K,0,0,2,1,0,Transitional,4,2026,2,883,18000,3,0,3,0
STU_2765,3.35,20,1,17,Below 10k,1,0,0,1,0,Transitional,4,2026,2,885,8000,3,1,1,1
STU_2766,3.68,0,1,17,16-20K,1,0,2,2,1,Transitional,4,2026,2,899,18000,3,2,4,1
STU_2767,2.01,11,5,9,16-20K,1,0,2,0,0,Transitional,3,2026,1,875,18000,3,0,2,1
STU_2768,3.81,19,6,1,16-20K,1,0,2,2,1,Transitional,3,2026,1,858,18000,3,2,4,1
STU_2769,2.94,12,6,3,16-20K,1,0,2,1,1,Transitional,4,2026,2,898,18000,3,0,3,0
STU_2770,3.31,22,3,8,10-15K,0,0,1,1,0,Transitional,4,2026,2,891,12500,3,1,2,1
STU_2771,2.75,2,5,9,Below 10k,0,0,0,1,0,Transitional,4,2026,2,907,8000,3,0,1,0
STU_2772,3.3,2,5,9,16-20K,1,0,2,1,1,Transitional,6,2026,2,963,18000,3,1,3,1
STU_2773,3.12,9,0,5,Below 10k,1,0,0,1,0,Transitional,3,2026,1,881,8000,3,1,1,1
STU_2774,2.57,7,7,0,10-15K,1,0,1,1,0,Transitional,6,2026,2,947,12500,3,0,2,0
STU_2775,3.18,4,4,13,Below 10k,1,0,0,1,0,Transitional,4,2026,2,887,8000,3,1,1,1
STU_2776,2.93,9,7,0,Below 10k,0,0,0,1,0,Transitional,3,2026,1,859,8000,3,0,1,0
STU_2777,3.14,5,1,17,Below 10k,1,0,0,1,0,Transitional,5,2026,2,936,8000,3,1,1,1
STU_2778,3.71,12,3,8,Below 10k,1,0,0,2,0,Transitional,2,2026,1,827,8000,3,2,2,1
STU_2779,3.46,4,4,13,16-20K,0,0,2,1,0,Transitional,5,2026,2,935,18000,3,2,3,0
STU_2780,3.18,5,1,18,16-20K,0,0,2,1,0,Transitional,5,2026,2,918,18000,3,1,3,1
STU_2781,3.33,21,0,4,Below 10k,0,0,0,1,1,Transitional,4,2026,2,884,8000,3,1,1,1
STU_2782,3.0,22,3,8,16-20K,0,0,2,1,0,Transitional,3,2026,1,860,18000,3,1,3,1
STU_2783,3.26,16,6,3,Below 10k,1,0,0,1,0,Transitional,5,2026,2,924,8000,3,1,1,1
STU_2784,3.4,3,2,6,16-20K,0,0,2,1,0,Transitional,3,2026,1,874,18000,3,2,3,0
STU_2785,3.43,19,6,3,Below 10k,1,0,0,1,0,Transitional,2,2026,1,833,8000,3,2,1,0
STU_2786,3.43,8,7,0,Below 10k,0,0,0,1,0,Transitional,6,2026,2,951,8000,3,2,1,0
STU_2787,3.29,9,7,0,10-15K,1,0,1,1,0,Transitional,3,2026,1,873,12500,3,1,2,1
STU_2788,3.53,2,5,9,10-15K,1,0,1,2,1,Transitional,3,2026,1,857,12500,3,2,3,1
STU_2789,3.1,16,4,13,10-15K,0,0,1,1,0,Transitional,2,2026,1,836,12500,3,1,2,1
STU_2790,3.88,9,0,5,10-15K,1,0,1,2,0,Transitional,5,2026,2,940,12500,3,2,3,1
STU_2791,2.59,12,6,3,Below 10k,0,0,0,1,0,Transitional,2,2026,1,849,8000,3,0,1,0
STU_2792,3.44,13,0,15,16-20K,0,0,2,1,0,Transitional,4,2026,2,887,18000,3,2,3,0
STU_2793,3.4,2,5,9,10-15K,0,0,1,1,0,Transitional,4,2026,2,887,12500,3,2,2,0
STU_2794,3.22,0,7,0,10-15K,1,0,1,1,0,Transitional,3,2026,1,856,12500,3,1,2,1
STU_2795,3.3,9,0,4,10-15K,0,0,1,1,0,Transitional,3,2026,1,866,12500,3,1,2,1
STU_2796,3.26,13,5,9,10-15K,1,0,1,1,0,Transitional,6,2026,2,960,12500,3,1,2,1
STU_2797,3.18,5,3,8,Below 10k,0,0,0,1,0,Transitional,2,2026,1,826,8000,3,1,1,1
STU_2798,3.14,12,3,8,Below 10k,0,0,0,1,0,Transitional,3,2026,1,877,8000,3,1,1,1
STU_2799,3.93,2,5,9,10-15K,0,0,1,2,0,Transitional,4,2026,2,908,12500,3,2,3,1
STU_2800,3.26,4,4,13,10-15K,1,0,1,1,0,Transitional,5,2026,2,914,12500,3,1,2,1
STU_2801,3.79,1,4,13,16-20K,1,0,2,2,1,Transitional,2,2026,1,836,18000,3,2,4,1
STU_2802,2.24,13,5,9,Below 10k,0,0,0,0,1,Transitional,5,2026,2,932,8000,3,0,0,1
STU_2803,3.36,16,4,13,Below 10k,0,0,0,1,0,Transitional,3,2026,1,879,8000,3,1,1,1
STU_2804,3.33,13,0,2,10-15K,1,0,1,1,0,Transitional,6,2026,2,945,12500,3,1,2,1
STU_2805,3.39,17,2,6,10-15K,0,0,1,1,0,Transitional,2,2026,1,842,12500,3,1,2,1
STU_2806,2.08,2,5,9,Below 10k,1,0,0,0,0,Transitional,3,2026,1,879,8000,3,0,0,1
STU_2807,3.38,16,6,1,10-15K,1,0,1,1,0,Transitional,3,2026,1,852,12500,3,1,2,1
STU_2808,3.75,12,6,12,Below 10k,0,0,0,2,0,Transitional,2,2026,1,833,8000,3,2,2,1
STU_2809,3.19,12,6,14,10-15K,1,0,1,1,0,Transitional,6,2026,2,949,12500,3,1,2,1
STU_2810,3.18,6,1,11,Below 10k,1,0,0,1,0,Transitional,6,2026,2,970,8000,3,1,1,1
STU_2811,3.22,13,5,9,Below 10k,1,0,0,1,0,Transitional,6,2026,2,954,8000,3,1,1,1
STU_2812,3.18,7,7,0,16-20K,1,0,2,1,0,Transitional,5,2026,2,932,18000,3,1,3,1
STU_2813,3.37,7,3,8,16-20K,0,0,2,1,0,Transitional,6,2026,2,963,18000,3,1,3,1
STU_2814,3.22,5,3,8,10-15K,0,0,1,1,0,Transitional,4,2026,2,891,12500,3,1,2,1
STU_2815,3.25,13,0,16,16-20K,0,0,2,1,0,Transitional,5,2026,2,935,18000,3,1,3,1
STU_2816,2.51,16,6,14,10-15K,0,0,1,1,0,Transitional,6,2026,2,971,12500,3,0,2,0
STU_2817,3.21,3,2,6,Below 10k,1,0,0,1,0,Transitional,4,2026,2,898,8000,3,1,1,1
STU_2818,3.21,20,1,18,16-20K,0,0,2,1,0,Transitional,6,2026,2,955,18000,3,1,3,1
STU_2819,3.01,9,7,0,Below 10k,1,0,0,1,0,Transitional,4,2026,2,886,8000,3,1,1,1
STU_2820,3.16,5,3,8,16-20K,0,0,2,1,0,Transitional,4,2026,2,906,18000,3,1,3,1
STU_2821,2.97,17,2,6,10-15K,0,0,1,1,0,Transitional,4,2026,2,908,12500,3,0,2,0
STU_2822,3.29,10,7,0,16-20K,0,0,2,1,0,Transitional,6,2026,2,944,18000,3,1,3,1
STU_2823,3.9,4,4,13,Below 10k,1,0,0,2,0,Transitional,4,2026,2,893,8000,3,2,2,1
STU_2824,3.19,9,0,5,16-20K,0,0,2,1,0,Transitional,4,2026,2,888,18000,3,1,3,1
STU_2825,2.17,9,7,0,10-15K,0,0,1,0,0,Transitional,3,2026,1,868,12500,3,0,1,1
STU_2826,3.31,16,4,13,10-15K,0,0,1,1,0,Transitional,6,2026,2,965,12500,3,1,2,1
STU_2827,3.28,12,3,8,Below 10k,1,0,0,1,0,Transitional,6,2026,2,963,8000,3,1,1,1
STU_2828,3.9,7,3,8,Below 10k,1,0,0,2,0,Transitional,2,2026,1,835,8000,3,2,2,1
STU_2829,2.64,17,2,6,16-20K,0,0,2,1,0,Transitional,5,2026,2,917,18000,3,0,3,0
STU_2830,3.12,9,0,2,16-20K,1,0,2,1,1,Transitional,6,2026,2,972,18000,3,1,3,1
STU_2831,3.2,5,1,17,10-15K,1,0,1,1,0,Transitional,4,2026,2,909,12500,3,1,2,1
STU_2832,2.98,16,6,1,Below 10k,0,0,0,1,0,Transitional,2,2026,1,832,8000,3,0,1,0
STU_2833,3.17,11,5,9,10-15K,1,0,1,1,1,Transitional,4,2026,2,888,12500,3,1,2,1
STU_2834,2.76,16,4,13,16-20K,1,0,2,1,0,Transitional,6,2026,2,962,18000,3,0,3,0
STU_2835,2.55,12,6,14,10-15K,0,0,1,1,0,Transitional,5,2026,2,938,12500,3,0,2,0
STU_2836,3.24,11,5,9,Below 10k,0,0,0,1,0,Transitional,2,2026,1,834,8000,3,1,1,1
STU_2837,3.19,9,0,16,16-20K,0,0,2,1,0,Transitional,4,2026,2,884,18000,3,1,3,1
STU_2838,2.56,5,1,11,10-15K,1,0,1,1,0,Transitional,2,2026,1,826,12500,3,0,2,0
STU_2839,3.22,10,7,0,16-20K,0,0,2,1,0,Transitional,5,2026,2,913,18000,3,1,3,1
STU_2840,3.13,13,0,5,16-20K,1,0,2,1,0,Transitional,6,2026,2,972,18000,3,1,3,1
STU_2841,2.98,8,7,0,Below 10k,0,0,0,1,0,Transitional,4,2026,2,901,8000,3,0,1,0
STU_2842,2.91,20,1,11,Below 10k,0,0,0,1,0,Transitional,5,2026,2,940,8000,3,0,1,0
STU_2843,3.36,18,0,15,16-20K,1,0,2,1,1,Transitional,2,2026,1,828,18000,3,1,3,1
STU_2844,3.27,16,4,13,10-15K,1,0,1,1,1,Transitional,3,2026,1,870,12500,3,1,2,1
STU_2845,3.84,1,4,13,Below 10k,0,0,0,2,0,Transitional,2,2026,1,849,8000,3,2,2,1
STU_2846,3.06,12,3,8,Below 10k,1,0,0,1,0,Transitional,6,2026,2,966,8000,3,1,1,1
STU_2847,3.34,0,7,0,10-15K,1,0,1,1,0,Transitional,2,2026,1,831,12500,3,1,2,1
STU_2848,2.79,1,4,13,Below 10k,0,0,0,1,0,Transitional,2,2026,1,842,8000,3,0,1,0
STU_2849,3.17,5,1,11,16-20K,0,0,2,1,0,Transitional,5,2026,2,937,18000,3,1,3,1
STU_2850,3.37,14,4,13,10-15K,1,0,1,1,0,Transitional,5,2026,2,922,12500,3,1,2,1
STU_2851,3.27,0,1,18,10-15K,0,0,1,1,0,Transitional,4,2026,2,910,12500,3,1,2,1
STU_2852,3.22,11,5,9,16-20K,0,0,2,1,0,Transitional,6,2026,2,954,18000,3,1,3,1
STU_2853,3.37,10,2,6,Below 10k,0,0,0,1,0,Transitional,2,2026,1,849,8000,3,1,1,1
STU_2854,2.86,13,5,9,16-20K,1,0,2,1,1,Transitional,3,2026,1,874,18000,3,0,3,0
STU_2855,2.92,11,5,9,Below 10k,1,0,0,1,0,Transitional,2,2026,1,850,8000,3,0,1,0
STU_2856,3.19,1,4,13,16-20K,0,0,2,1,0,Transitional,4,2026,2,905,18000,3,1,3,1
STU_2857,3.21,7,3,8,Below 10k,1,0,0,1,0,Transitional,2,2026,1,834,8000,3,1,1,1
STU_2858,3.34,12,3,8,16-20K,1,0,2,1,1,Transitional,2,2026,1,837,18000,3,1,3,1
STU_2859,2.94,0,7,0,10-15K,0,0,1,1,0,Transitional,6,2026,2,970,12500,3,0,2,0
STU_2860,3.28,16,6,1,Below 10k,1,0,0,1,0,Transitional,5,2026,2,914,8000,3,1,1,1
STU_2861,3.1,10,7,0,Below 10k,1,0,0,1,0,Transitional,6,2026,2,958,8000,3,1,1,1
STU_2862,3.54,19,6,12,Below 10k,1,0,0,2,0,Transitional,3,2026,1,876,8000,3,2,2,1
STU_2863,3.17,9,0,4,10-15K,0,0,1,1,0,Transitional,2,2026,1,846,12500,3,1,2,1
STU_2864,2.91,14,4,13,16-20K,1,0,2,1,0,Transitional,3,2026,1,852,18000,3,0,3,0
STU_2865,3.23,12,6,1,Below 10k,1,0,0,1,0,Transitional,5,2026,2,933,8000,3,1,1,1
STU_2866,3.12,7,3,8,10-15K,1,0,1,1,0,Transitional,5,2026,2,912,12500,3,1,2,1
STU_2867,3.2,6,1,18,Below 10k,1,0,0,1,0,Transitional,4,2026,2,883,8000,3,1,1,1
STU_2868,3.45,6,6,12,10-15K,0,0,1,1,0,Transitional,4,2026,2,889,12500,3,2,2,0
STU_2869,3.47,8,7,0,16-20K,0,0,2,1,0,Transitional,3,2026,1,860,18000,3,2,3,0
STU_2870,3.57,4,4,13,10-15K,0,0,1,2,0,Transitional,6,2026,2,969,12500,3,2,3,1
STU_2871,2.68,4,4,13,Below 10k,0,0,0,1,0,Transitional,6,2026,2,949,8000,3,0,1,0
STU_2872,3.42,20,1,11,10-15K,0,0,1,1,0,Transitional,3,2026,1,856,12500,3,2,2,0
STU_2873,3.2,14,4,13,16-20K,0,0,2,1,1,Transitional,5,2026,2,913,18000,3,1,3,1
STU_2874,3.46,13,5,9,10-15K,1,0,1,1,0,Transitional,4,2026,2,895,12500,3,2,2,0
STU_2875,3.52,13,5,9,10-15K,0,0,1,2,0,Transitional,3,2026,1,870,12500,3,2,3,1
STU_2876,3.47,15,6,14,10-15K,0,0,1,1,0,Transitional,3,2026,1,873,12500,3,2,2,0
STU_2877,3.11,2,5,9,10-15K,1,0,1,1,1,Transitional,3,2026,1,875,12500,3,1,2,1
STU_2878,3.34,12,6,1,10-15K,0,0,1,1,0,Transitional,4,2026,2,909,12500,3,1,2,1
STU_2879,3.48,9,0,5,Below 10k,1,0,0,1,0,Transitional,5,2026,2,924,8000,3,2,1,0
STU_2880,3.1,0,7,0,Below 10k,1,0,0,1,0,Transitional,6,2026,2,950,8000,3,1,1,1
STU_2881,3.32,11,5,9,16-20K,1,0,2,1,0,Transitional,4,2026,2,884,18000,3,1,3,1
STU_2882,3.45,13,0,16,16-20K,1,0,2,1,1,Transitional,4,2026,2,906,18000,3,2,3,0
STU_2883,3.14,21,0,4,16-20K,0,0,2,1,1,Transitional,3,2026,1,862,18000,3,1,3,1
STU_2884,3.16,9,2,6,16-20K,1,0,2,1,0,Transitional,4,2026,2,908,18000,3,1,3,1
STU_2885,2.82,19,6,3,10-15K,0,0,1,1,0,Transitional,3,2026,1,858,12500,3,0,2,0
STU_2886,2.64,18,0,15,16-20K,1,0,2,1,0,Transitional,6,2026,2,969,18000,3,0,3,0
STU_2887,3.28,19,6,1,10-15K,1,0,1,1,0,Transitional,4,2026,2,894,12500,3,1,2,1
STU_2888,3.27,9,2,6,10-15K,1,0,1,1,0,Transitional,3,2026,1,865,12500,3,1,2,1
STU_2889,3.18,5,1,17,Below 10k,1,0,0,1,0,Transitional,3,2026,1,851,8000,3,1,1,1
STU_2890,3.39,5,3,8,16-20K,0,0,2,1,0,Transitional,4,2026,2,882,18000,3,1,3,1
STU_2891,3.17,13,5,9,Below 10k,0,0,0,1,0,Transitional,3,2026,1,879,8000,3,1,1,1
STU_2892,3.24,0,1,17,Below 10k,0,0,0,1,1,Transitional,5,2026,2,931,8000,3,1,1,1
STU_2893,3.44,12,6,3,10-15K,1,0,1,1,0,Transitional,3,2026,1,868,12500,3,2,2,0
STU_2894,3.25,10,2,6,16-20K,1,0,2,1,1,Transitional,5,2026,2,923,18000,3,1,3,1
STU_2895,3.4,16,6,3,Below 10k,0,0,0,1,0,Transitional,4,2026,2,893,8000,3,2,1,0
STU_2896,3.15,0,1,11,10-15K,1,0,1,1,0,Transitional,3,2026,1,871,12500,3,1,2,1
STU_2897,3.47,13,5,9,Below 10k,1,0,0,1,0,Transitional,2,2026,1,846,8000,3,2,1,0
STU_2898,3.48,19,6,1,Below 10k,0,0,0,1,0,Transitional,4,2026,2,891,8000,3,2,1,0
STU_2899,3.27,8,7,0,Below 10k,1,0,0,1,0,Transitional,3,2026,1,877,8000,3,1,1,1
STU_2900,3.08,7,3,8,Below 10k,1,0,0,1,0,Transitional,6,2026,2,962,8000,3,1,1,1
STU_2901,3.41,15,6,12,16-20K,1,0,2,1,1,Transitional,2,2026,1,840,18000,3,2,3,0
STU_2902,3.3,3,2,6,Below 10k,1,0,0,1,0,Transitional,4,2026,2,886,8000,3,1,1,1
STU_2903,3.16,19,6,10,16-20K,1,0,2,1,1,Transitional,6,2026,2,953,18000,3,1,3,1
STU_2904,3.12,14,4,13,16-20K,1,0,2,1,0,Transitional,3,2026,1,865,18000,3,1,3,1
STU_2905,3.32,12,3,8,10-15K,1,0,1,1,1,Transitional,3,2026,1,852,12500,3,1,2,1
STU_2906,3.11,5,0,4,Below 10k,0,0,0,1,0,Transitional,3,2026,1,856,8000,3,1,1,1
STU_2907,3.19,0,1,17,Below 10k,1,0,0,1,0,Transitional,5,2026,2,917,8000,3,1,1,1
STU_2908,3.16,8,7,0,10-15K,0,0,1,1,0,Transitional,6,2026,2,952,12500,3,1,2,1
STU_2909,3.34,20,1,18,Below 10k,1,0,0,1,0,Transitional,2,2026,1,826,8000,3,1,1,1
STU_2910,3.27,12,3,8,Below 10k,1,0,0,1,0,Transitional,3,2026,1,878,8000,3,1,1,1
STU_2911,3.38,7,3,8,10-15K,0,0,1,1,0,Transitional,6,2026,2,952,12500,3,1,2,1
STU_2912,3.34,3,2,6,16-20K,0,0,2,1,0,Transitional,4,2026,2,889,18000,3,1,3,1
STU_2913,3.45,5,3,8,16-20K,1,0,2,1,0,Transitional,4,2026,2,901,18000,3,2,3,0
STU_2914,2.76,13,5,9,Below 10k,1,0,0,1,0,Transitional,3,2026,1,876,8000,3,0,1,0
STU_2915,3.1,5,0,16,10-15K,0,0,1,1,0,Transitional,2,2026,1,834,12500,3,1,2,1
STU_2916,3.83,5,1,17,10-15K,0,0,1,2,0,Transitional,4,2026,2,883,12500,3,2,3,1
STU_2917,3.19,5,1,11,Below 10k,0,0,0,1,0,Transitional,3,2026,1,871,8000,3,1,1,1
STU_2918,3.46,3,2,6,10-15K,1,0,1,1,0,Transitional,5,2026,2,919,12500,3,2,2,0
STU_2919,3.21,15,6,12,10-15K,0,0,1,1,1,Transitional,4,2026,2,893,12500,3,1,2,1
STU_2920,3.1,12,3,8,16-20K,1,0,2,1,1,Transitional,2,2026,1,848,18000,3,1,3,1
STU_2921,3.37,11,5,9,Below 10k,1,0,0,1,0,Transitional,4,2026,2,896,8000,3,1,1,1
STU_2922,3.21,6,1,18,16-20K,1,0,2,1,1,Transitional,3,2026,1,876,18000,3,1,3,1
STU_2923,2.69,7,7,0,10-15K,0,0,1,1,1,Transitional,3,2026,1,880,12500,3,0,2,0
STU_2924,3.12,17,2,6,16-20K,1,0,2,1,1,Transitional,3,2026,1,854,18000,3,1,3,1
STU_2925,3.16,14,4,13,Below 10k,0,0,0,1,0,Transitional,3,2026,1,869,8000,3,1,1,1
STU_2926,3.48,18,0,5,16-20K,1,0,2,1,0,Transitional,4,2026,2,899,18000,3,2,3,0
STU_2927,3.57,22,3,8,16-20K,1,0,2,2,0,Transitional,4,2026,2,892,18000,3,2,4,1
STU_2928,2.53,5,0,4,10-15K,1,0,1,1,0,Transitional,6,2026,2,948,12500,3,0,2,0
STU_2929,3.12,2,5,9,16-20K,1,0,2,1,1,Transitional,5,2026,2,924,18000,3,1,3,1
STU_2930,2.64,22,3,8,10-15K,0,0,1,1,0,Transitional,6,2026,2,949,12500,3,0,2,0
STU_2931,3.95,11,5,9,16-20K,0,0,2,2,0,Transitional,3,2026,1,867,18000,3,2,4,1
STU_2932,3.46,6,6,10,10-15K,1,0,1,1,0,Transitional,2,2026,1,830,12500,3,2,2,0
STU_2933,3.19,5,0,5,10-15K,0,0,1,1,0,Transitional,4,2026,2,908,12500,3,1,2,1
STU_2934,3.39,19,6,1,16-20K,0,0,2,1,0,Transitional,3,2026,1,868,18000,3,1,3,1
STU_2935,3.02,15,6,10,16-20K,0,0,2,1,0,Transitional,3,2026,1,870,18000,3,1,3,1
STU_2936,3.12,0,1,17,Below 10k,1,0,0,1,0,Transitional,3,2026,1,858,8000,3,1,1,1
STU_2937,3.07,11,5,9,10-15K,1,0,1,1,0,Transitional,2,2026,1,841,12500,3,1,2,1
STU_2938,3.33,4,4,13,Below 10k,0,0,0,1,0,Transitional,4,2026,2,898,8000,3,1,1,1
STU_2939,3.14,9,2,6,16-20K,0,0,2,1,0,Transitional,5,2026,2,920,18000,3,1,3,1
STU_2940,3.29,4,4,13,16-20K,0,0,2,1,0,Transitional,6,2026,2,944,18000,3,1,3,1
STU_2941,3.22,4,4,13,Below 10k,1,0,0,1,0,Transitional,3,2026,1,868,8000,3,1,1,1
STU_2942,3.38,16,4,13,Below 10k,0,0,0,1,1,Transitional,6,2026,2,944,8000,3,1,1,1
STU_2943,3.46,4,4,13,16-20K,1,0,2,1,0,Transitional,2,2026,1,824,18000,3,2,3,0
STU_2944,3.28,10,7,0,16-20K,1,0,2,1,0,Transitional,6,2026,2,954,18000,3,1,3,1
STU_2945,2.23,7,1,17,Below 10k,1,0,0,0,0,Transitional,5,2026,2,931,8000,3,0,0,1
STU_2946,3.46,8,7,0,Below 10k,0,0,0,1,0,Transitional,3,2026,1,853,8000,3,2,1,0
STU_2947,3.13,22,3,8,Below 10k,0,0,0,1,0,Transitional,4,2026,2,907,8000,3,1,1,1
STU_2948,2.83,21,0,5,10-15K,0,0,1,1,0,Transitional,3,2026,1,856,12500,3,0,2,0
STU_2949,3.33,20,1,11,Below 10k,0,0,0,1,0,Transitional,5,2026,2,925,8000,3,1,1,1
STU_2950,3.18,22,3,8,16-20K,1,0,2,1,1,Transitional,5,2026,2,917,18000,3,1,3,1
STU_2951,3.24,10,7,0,16-20K,0,0,2,1,0,Transitional,2,2026,1,823,18000,3,1,3,1
STU_2952,3.05,9,7,0,10-15K,0,0,1,1,0,Transitional,3,2026,1,861,12500,3,1,2,1
STU_2953,2.73,1,4,13,16-20K,0,0,2,1,0,Transitional,2,2026,1,824,18000,3,0,3,0
STU_2954,2.93,6,6,10,Below 10k,0,0,0,1,0,Transitional,5,2026,2,927,8000,3,0,1,0
STU_2955,3.24,10,2,6,Below 10k,0,0,0,1,0,Transitional,6,2026,2,965,8000,3,1,1,1
STU_2956,3.16,13,5,9,Below 10k,1,0,0,1,0,Transitional,3,2026,1,853,8000,3,1,1,1
STU_2957,3.38,0,7,0,10-15K,0,0,1,1,0,Transitional,6,2026,2,967,12500,3,1,2,1
STU_2958,3.46,12,6,3,Below 10k,0,0,0,1,0,Transitional,4,2026,2,882,8000,3,2,1,0
STU_2959,3.92,19,6,12,10-15K,1,0,1,2,1,Transitional,4,2026,2,902,12500,3,2,3,1
STU_2960,3.38,12,3,8,16-20K,0,0,2,1,0,Transitional,5,2026,2,924,18000,3,1,3,1
STU_2961,3.38,7,3,8,10-15K,1,0,1,1,0,Transitional,4,2026,2,895,12500,3,1,2,1
STU_2962,3.21,21,0,16,10-15K,1,0,1,1,0,Transitional,2,2026,1,833,12500,3,1,2,1
STU_2963,3.18,10,7,0,10-15K,0,0,1,1,0,Transitional,3,2026,1,852,12500,3,1,2,1
STU_2964,3.25,21,0,15,Below 10k,0,0,0,1,0,Transitional,2,2026,1,823,8000,3,1,1,1
STU_2965,3.28,6,6,14,16-20K,1,0,2,1,0,Transitional,3,2026,1,852,18000,3,1,3,1
STU_2966,2.55,10,7,0,10-15K,1,0,1,1,0,Transitional,4,2026,2,911,12500,3,0,2,0
STU_2967,3.15,11,5,9,Below 10k,0,0,0,1,0,Transitional,6,2026,2,958,8000,3,1,1,1
STU_2968,3.34,2,5,9,Below 10k,0,0,0,1,0,Transitional,6,2026,2,954,8000,3,1,1,1
STU_2969,3.15,19,6,14,16-20K,0,0,2,1,0,Transitional,5,2026,2,940,18000,3,1,3,1
STU_2970,3.31,17,2,6,Below 10k,0,0,0,1,0,Transitional,3,2026,1,879,8000,3,1,1,1
STU_2971,3.45,21,0,5,16-20K,0,0,2,1,0,Transitional,5,2026,2,912,18000,3,2,3,0
STU_2972,3.1,7,3,8,16-20K,0,0,2,1,1,Transitional,5,2026,2,912,18000,3,1,3,1
STU_2973,3.64,2,5,9,Below 10k,1,0,0,2,0,Transitional,3,2026,1,873,8000,3,2,2,1
STU_2974,3.57,6,6,14,16-20K,1,0,2,2,1,Transitional,5,2026,2,920,18000,3,2,4,1
STU_2975,3.24,5,3,8,16-20K,1,0,2,1,0,Transitional,2,2026,1,839,18000,3,1,3,1
STU_2976,3.32,15,6,10,16-20K,0,0,2,1,0,Transitional,5,2026,2,925,18000,3,1,3,1
STU_2977,3.44,21,0,5,Below 10k,1,0,0,1,0,Transitional,4,2026,2,887,8000,3,2,1,0
STU_2978,3.58,16,6,12,Below 10k,1,0,0,2,0,Transitional,5,2026,2,925,8000,3,2,2,1
STU_2979,3.42,1,4,13,10-15K,0,0,1,1,0,Transitional,2,2026,1,843,12500,3,2,2,0
STU_2980,3.49,3,2,6,10-15K,1,0,1,1,0,Transitional,3,2026,1,876,12500,3,2,2,0
STU_2981,3.43,8,7,0,Below 10k,0,0,0,1,0,Transitional,5,2026,2,913,8000,3,2,1,0
STU_2982,2.97,21,0,16,16-20K,1,0,2,1,0,Transitional,4,2026,2,908,18000,3,0,3,0
STU_2983,3.2,10,7,0,Below 10k,0,0,0,1,0,Transitional,4,2026,2,887,8000,3,1,1,1
STU_2984,2.96,11,5,9,16-20K,0,0,2,1,0,Transitional,4,2026,2,887,18000,3,0,3,0
STU_2985,3.17,13,0,5,10-15K,0,0,1,1,0,Transitional,5,2026,2,921,12500,3,1,2,1
STU_2986,2.72,19,6,1,16-20K,1,0,2,1,0,Transitional,4,2026,2,901,18000,3,0,3,0
STU_2987,3.47,12,3,8,Below 10k,1,0,0,1,0,Transitional,4,2026,2,886,8000,3,2,1,0
STU_2988,2.95,21,0,5,Below 10k,0,0,0,1,0,Transitional,5,2026,2,917,8000,3,0,1,0
STU_2989,2.4,10,2,6,16-20K,1,0,2,0,1,Transitional,6,2026,2,959,18000,3,0,2,1
STU_2990,3.3,1,4,13,16-20K,0,0,2,1,0,Transitional,3,2026,1,879,18000,3,1,3,1
STU_2991,3.44,13,0,5,Below 10k,0,0,0,1,0,Transitional,4,2026,2,888,8000,3,2,1,0
STU_2992,3.19,8,7,0,Below 10k,1,0,0,1,0,Transitional,6,2026,2,948,8000,3,1,1,1
STU_2993,3.41,5,1,11,10-15K,0,0,1,1,0,Transitional,2,2026,1,830,12500,3,2,2,0
STU_2994,3.29,5,0,15,Below 10k,0,0,0,1,1,Transitional,3,2026,1,871,8000,3,1,1,1
STU_2995,3.13,5,1,11,Below 10k,1,0,0,1,0,Transitional,4,2026,2,883,8000,3,1,1,1
STU_2996,3.12,14,4,13,Below 10k,0,0,0,1,0,Transitional,6,2026,2,966,8000,3,1,1,1
STU_2997,3.47,7,1,17,16-20K,1,0,2,1,1,Transitional,2,2026,1,827,18000,3,2,3,0
STU_2998,3.48,20,1,11,10-15K,1,0,1,1,0,Transitional,2,2026,1,823,12500,3,2,2,0
STU_2999,3.37,10,2,6,Below 10k,0,0,0,1,0,Transitional,2,2026,1,833,8000,3,1,1,1
STU_3000,3.4,10,2,6,Below 10k,0,0,0,1,0,Transitional,4,2026,2,909,8000,3,2,1,0
STU_3001,3.18,17,2,6,16-20K,1,0,2,1,1,Transitional,4,2026,2,904,18000,3,1,3,1
STU_3002,2.35,8,7,0,Below 10k,1,0,0,0,0,Transitional,5,2026,2,919,8000,3,0,0,1
STU_3003,3.12,11,5,9,10-15K,0,0,1,1,0,Transitional,3,2026,1,866,12500,3,1,2,1
STU_3004,3.25,5,3,8,10-15K,0,0,1,1,0,Transitional,6,2026,2,954,12500,3,1,2,1
STU_3005,3.39,10,2,6,Below 10k,0,0,0,1,0,Transitional,3,2026,1,866,8000,3,1,1,1
STU_3006,3.39,10,2,6,10-15K,0,0,1,1,0,Transitional,2,2026,1,841,12500,3,1,2,1
STU_3007,3.46,6,6,10,16-20K,0,0,2,1,0,Transitional,2,2026,1,848,18000,3,2,3,0
STU_3008,3.66,11,5,9,16-20K,1,0,2,2,1,Transitional,2,2026,1,825,18000,3,2,4,1
STU_3009,3.1,4,4,13,10-15K,0,0,1,1,0,Transitional,2,2026,1,831,12500,3,1,2,1
STU_3010,2.99,5,1,11,Below 10k,0,0,0,1,0,Transitional,5,2026,2,942,8000,3,0,1,0
STU_3011,3.37,15,6,14,Below 10k,1,0,0,1,0,Transitional,2,2026,1,823,8000,3,1,1,1
STU_3012,3.26,1,4,13,10-15K,0,0,1,1,0,Transitional,5,2026,2,923,12500,3,1,2,1
STU_3013,3.32,20,1,18,16-20K,1,0,2,1,0,Transitional,2,2026,1,834,18000,3,1,3,1
STU_3014,3.66,9,0,16,Below 10k,0,0,0,2,0,Transitional,6,2026,2,958,8000,3,2,2,1
STU_3015,3.2,22,3,8,16-20K,1,0,2,1,1,Transitional,3,2026,1,855,18000,3,1,3,1
STU_3016,3.7,5,0,2,10-15K,0,0,1,2,0,Transitional,6,2026,2,955,12500,3,2,3,1
STU_3017,3.19,10,7,0,Below 10k,1,0,0,1,0,Transitional,4,2026,2,904,8000,3,1,1,1
STU_3018,3.67,7,3,8,16-20K,1,0,2,2,1,Transitional,5,2026,2,929,18000,3,2,4,1
STU_3019,3.29,10,2,6,10-15K,1,0,1,1,0,Transitional,2,2026,1,840,12500,3,1,2,1
STU_3020,3.25,5,1,18,Below 10k,1,0,0,1,0,Transitional,5,2026,2,941,8000,3,1,1,1
STU_3021,3.49,22,3,8,10-15K,0,0,1,1,0,Transitional,3,2026,1,856,12500,3,2,2,0
STU_3022,3.09,19,6,14,Below 10k,1,0,0,1,0,Transitional,3,2026,1,858,8000,3,1,1,1
STU_3023,3.27,8,7,0,10-15K,1,0,1,1,1,Transitional,6,2026,2,966,12500,3,1,2,1
STU_3024,2.72,9,0,5,Below 10k,0,0,0,1,0,Transitional,3,2026,1,859,8000,3,0,1,0
STU_3025,3.17,16,4,13,Below 10k,1,0,0,1,0,Transitional,2,2026,1,850,8000,3,1,1,1
STU_3026,3.19,11,5,9,Below 10k,0,0,0,1,0,Transitional,6,2026,2,967,8000,3,1,1,1
STU_3027,3.4,11,5,9,Below 10k,1,0,0,1,0,Transitional,4,2026,2,892,8000,3,2,1,0
STU_3028,2.96,11,5,9,16-20K,0,0,2,1,1,Transitional,6,2026,2,964,18000,3,0,3,0
STU_3029,3.31,14,4,13,10-15K,0,0,1,1,0,Transitional,4,2026,2,897,12500,3,1,2,1
STU_3030,3.84,1,4,13,Below 10k,0,0,0,2,0,Transitional,5,2026,2,924,8000,3,2,2,1
STU_3031,3.14,13,5,9,10-15K,1,0,1,1,0,Transitional,2,2026,1,841,12500,3,1,2,1
STU_3032,3.26,13,0,4,10-15K,0,0,1,1,0,Transitional,5,2026,2,941,12500,3,1,2,1
STU_3033,2.76,21,0,5,Below 10k,0,0,0,1,1,Transitional,4,2026,2,897,8000,3,0,1,0
STU_3034,3.41,0,7,0,16-20K,0,0,2,1,0,Transitional,4,2026,2,895,18000,3,2,3,0
STU_3035,3.42,5,0,2,10-15K,0,0,1,1,0,Transitional,4,2026,2,882,12500,3,2,2,0
STU_3036,3.37,14,4,13,Below 10k,1,0,0,1,0,Transitional,2,2026,1,836,8000,3,1,1,1
STU_3037,3.43,0,7,0,10-15K,1,0,1,1,0,Transitional,6,2026,2,967,12500,3,2,2,0
STU_3038,3.19,0,7,0,10-15K,0,0,1,1,0,Transitional,3,2026,1,865,12500,3,1,2,1
STU_3039,2.51,20,1,17,Below 10k,0,0,0,1,0,Transitional,4,2026,2,888,8000,3,0,1,0
STU_3040,3.54,5,0,2,Below 10k,0,0,0,2,0,Transitional,4,2026,2,910,8000,3,2,2,1
STU_3041,3.25,13,5,9,16-20K,1,0,2,1,1,Transitional,3,2026,1,868,18000,3,1,3,1
STU_3042,3.73,6,1,11,16-20K,0,0,2,2,0,Transitional,5,2026,2,921,18000,3,2,4,1
STU_3043,3.2,6,6,14,Below 10k,0,0,0,1,0,Transitional,3,2026,1,879,8000,3,1,1,1
STU_3044,2.73,17,2,6,Below 10k,0,0,0,1,0,Transitional,3,2026,1,877,8000,3,0,1,0
STU_3045,3.81,16,4,13,Below 10k,1,0,0,2,0,Transitional,6,2026,2,967,8000,3,2,2,1
STU_3046,3.01,0,1,18,Below 10k,1,0,0,1,0,Transitional,2,2026,1,833,8000,3,1,1,1
STU_3047,2.75,12,6,12,Below 10k,1,0,0,1,0,Transitional,6,2026,2,949,8000,3,0,1,0
STU_3048,3.67,7,3,8,Below 10k,0,0,0,2,0,Transitional,5,2026,2,922,8000,3,2,2,1
STU_3049,3.11,20,1,18,16-20K,0,0,2,1,0,Transitional,6,2026,2,943,18000,3,1,3,1
STU_3050,3.22,5,1,18,Below 10k,0,0,0,1,0,Transitional,6,2026,2,959,8000,3,1,1,1
STU_3051,2.65,3,2,6,16-20K,0,0,2,1,0,Transitional,4,2026,2,896,18000,3,0,3,0
STU_3052,3.48,9,2,6,Below 10k,1,0,0,1,0,Transitional,2,2026,1,832,8000,3,2,1,0
STU_3053,3.33,6,1,11,10-15K,1,0,1,1,0,Transitional,5,2026,2,925,12500,3,1,2,1
STU_3054,3.22,0,7,0,10-15K,0,0,1,1,0,Transitional,6,2026,2,944,12500,3,1,2,1
STU_3055,3.18,0,1,11,10-15K,0,0,1,1,0,Transitional,4,2026,2,898,12500,3,1,2,1
STU_3056,3.18,2,5,9,16-20K,0,0,2,1,0,Transitional,4,2026,2,889,18000,3,1,3,1
STU_3057,3.19,4,4,13,Below 10k,0,0,0,1,0,Transitional,6,2026,2,969,8000,3,1,1,1
STU_3058,3.45,16,4,13,10-15K,1,0,1,1,1,Transitional,3,2026,1,857,12500,3,2,2,0
STU_3059,3.39,11,5,9,10-15K,0,0,1,1,0,Transitional,3,2026,1,866,12500,3,1,2,1
STU_3060,3.11,7,7,0,16-20K,0,0,2,1,0,Transitional,3,2026,1,868,18000,3,1,3,1
STU_3061,3.91,0,7,0,Below 10k,0,0,0,2,0,Transitional,2,2026,1,826,8000,3,2,2,1
STU_3062,3.81,2,5,9,16-20K,1,0,2,2,0,Transitional,3,2026,1,867,18000,3,2,4,1
STU_3063,3.46,5,0,4,10-15K,0,0,1,1,0,Transitional,4,2026,2,911,12500,3,2,2,0
STU_3064,3.17,5,0,15,16-20K,0,0,2,1,0,Transitional,5,2026,2,935,18000,3,1,3,1
STU_3065,2.54,13,0,15,16-20K,1,0,2,1,1,Transitional,6,2026,2,972,18000,3,0,3,0
STU_3066,3.93,4,4,13,10-15K,1,0,1,2,0,Transitional,6,2026,2,970,12500,3,2,3,1
STU_3067,3.25,7,7,0,10-15K,0,0,1,1,0,Transitional,6,2026,2,943,12500,3,1,2,1
STU_3068,3.28,6,6,1,16-20K,1,0,2,1,1,Transitional,3,2026,1,863,18000,3,1,3,1
STU_3069,2.81,17,2,6,16-20K,0,0,2,1,0,Transitional,3,2026,1,868,18000,3,0,3,0
STU_3070,3.23,7,7,0,10-15K,1,0,1,1,0,Transitional,2,2026,1,830,12500,3,1,2,1
STU_3071,3.05,7,7,0,Below 10k,0,0,0,1,0,Transitional,2,2026,1,846,8000,3,1,1,1
STU_3072,3.22,16,4,13,16-20K,0,0,2,1,0,Transitional,3,2026,1,880,18000,3,1,3,1
STU_3073,3.47,14,4,13,10-15K,0,0,1,1,0,Transitional,6,2026,2,956,12500,3,2,2,0
STU_3074,3.21,9,2,6,10-15K,1,0,1,1,1,Transitional,5,2026,2,938,12500,3,1,2,1
STU_3075,3.14,13,5,9,16-20K,0,0,2,1,1,Transitional,5,2026,2,941,18000,3,1,3,1
STU_3076,3.41,22,3,8,10-15K,1,0,1,1,0,Transitional,4,2026,2,888,12500,3,2,2,0
STU_3077,3.92,21,0,5,16-20K,0,0,2,2,0,Transitional,6,2026,2,971,18000,3,2,4,1
STU_3078,3.04,7,7,0,Below 10k,1,0,0,1,0,Transitional,6,2026,2,970,8000,3,1,1,1
STU_3079,3.22,4,4,13,Below 10k,1,0,0,1,0,Transitional,4,2026,2,887,8000,3,1,1,1
STU_3080,3.38,7,3,8,10-15K,1,0,1,1,1,Transitional,2,2026,1,829,12500,3,1,2,1
STU_3081,3.3,3,2,6,Below 10k,1,0,0,1,0,Transitional,3,2026,1,863,8000,3,1,1,1
STU_3082,3.23,17,2,6,16-20K,1,0,2,1,1,Transitional,2,2026,1,845,18000,3,1,3,1
STU_3083,2.64,10,7,0,10-15K,1,0,1,1,0,Transitional,6,2026,2,947,12500,3,0,2,0
STU_3084,3.32,13,5,9,16-20K,0,0,2,1,0,Transitional,2,2026,1,835,18000,3,1,3,1
STU_3085,3.28,2,5,9,Below 10k,0,0,0,1,0,Transitional,3,2026,1,873,8000,3,1,1,1
STU_3086,3.36,18,0,15,Below 10k,1,0,0,1,0,Transitional,5,2026,2,926,8000,3,1,1,1
STU_3087,3.43,18,0,15,16-20K,1,0,2,1,1,Transitional,2,2026,1,828,18000,3,2,3,0
STU_3088,3.37,3,2,6,16-20K,0,0,2,1,0,Transitional,5,2026,2,917,18000,3,1,3,1
STU_3089,2.88,12,6,12,16-20K,1,0,2,1,1,Transitional,4,2026,2,911,18000,3,0,3,0
STU_3090,3.41,16,4,13,16-20K,1,0,2,1,0,Transitional,6,2026,2,959,18000,3,2,3,0
STU_3091,3.16,13,0,4,10-15K,1,0,1,1,0,Transitional,2,2026,1,834,12500,3,1,2,1
STU_3092,2.67,11,5,9,Below 10k,0,0,0,1,0,Transitional,5,2026,2,940,8000,3,0,1,0
STU_3093,2.5,3,2,6,Below 10k,1,0,0,1,0,Transitional,3,2026,1,867,8000,3,0,1,0
STU_3094,3.35,10,2,6,10-15K,0,0,1,1,0,Transitional,4,2026,2,898,12500,3,1,2,1
STU_3095,3.33,21,0,16,16-20K,0,0,2,1,0,Transitional,6,2026,2,963,18000,3,1,3,1
STU_3096,3.12,14,4,13,10-15K,0,0,1,1,1,Transitional,5,2026,2,937,12500,3,1,2,1
STU_3097,3.22,7,3,8,Below 10k,1,0,0,1,0,Transitional,5,2026,2,913,8000,3,1,1,1
STU_3098,3.16,4,4,13,10-15K,1,0,1,1,0,Transitional,3,2026,1,854,12500,3,1,2,1
STU_3099,2.76,18,0,5,Below 10k,0,0,0,1,0,Transitional,2,2026,1,833,8000,3,0,1,0
STU_3100,3.27,2,5,9,16-20K,0,0,2,1,0,Transitional,4,2026,2,890,18000,3,1,3,1
STU_3101,2.74,10,7,0,10-15K,1,0,1,1,0,Transitional,6,2026,2,963,12500,3,0,2,0
STU_3102,3.39,1,4,13,10-15K,1,0,1,1,0,Transitional,5,2026,2,928,12500,3,1,2,1
STU_3103,2.99,5,0,16,10-15K,1,0,1,1,0,Transitional,2,2026,1,827,12500,3,0,2,0
STU_3104,3.23,9,2,6,Below 10k,0,0,0,1,0,Transitional,5,2026,2,938,8000,3,1,1,1
STU_3105,3.33,6,1,17,16-20K,0,0,2,1,0,Transitional,5,2026,2,932,18000,3,1,3,1
STU_3106,3.25,20,1,18,10-15K,1,0,1,1,0,Transitional,6,2026,2,960,12500,3,1,2,1
STU_3107,3.44,13,0,15,10-15K,0,0,1,1,0,Transitional,2,2026,1,839,12500,3,2,2,0
STU_3108,3.23,7,3,8,Below 10k,0,0,0,1,0,Transitional,5,2026,2,922,8000,3,1,1,1
STU_3109,2.97,9,0,16,16-20K,0,0,2,1,0,Transitional,5,2026,2,934,18000,3,0,3,0
STU_3110,3.73,12,3,8,16-20K,0,0,2,2,0,Transitional,6,2026,2,969,18000,3,2,4,1
STU_3111,3.36,7,7,0,16-20K,1,0,2,1,1,Transitional,4,2026,2,891,18000,3,1,3,1
STU_3112,3.39,10,2,6,Below 10k,0,0,0,1,0,Transitional,3,2026,1,861,8000,3,1,1,1
STU_3113,3.41,2,5,9,10-15K,1,0,1,1,0,Transitional,4,2026,2,882,12500,3,2,2,0
STU_3114,3.2,9,0,5,16-20K,0,0,2,1,0,Transitional,4,2026,2,883,18000,3,1,3,1
STU_3115,3.38,13,5,9,16-20K,1,0,2,1,1,Transitional,2,2026,1,850,18000,3,1,3,1
STU_3116,3.22,5,3,8,10-15K,0,0,1,1,0,Transitional,2,2026,1,848,12500,3,1,2,1
STU_3117,3.4,2,5,9,16-20K,1,0,2,1,1,Transitional,5,2026,2,931,18000,3,2,3,0
STU_3118,3.39,4,4,13,Below 10k,1,0,0,1,0,Transitional,4,2026,2,901,8000,3,1,1,1
STU_3119,3.85,9,2,6,Below 10k,1,0,0,2,0,Transitional,3,2026,1,880,8000,3,2,2,1
STU_3120,3.34,13,5,9,16-20K,1,0,2,1,0,Transitional,2,2026,1,829,18000,3,1,3,1
STU_3121,2.51,6,1,11,16-20K,1,0,2,1,1,Transitional,2,2026,1,823,18000,3,0,3,0
STU_3122,3.2,12,6,14,10-15K,0,0,1,1,0,Transitional,5,2026,2,929,12500,3,1,2,1
STU_3123,3.95,16,6,10,Below 10k,1,0,0,2,0,Transitional,3,2026,1,851,8000,3,2,2,1
STU_3124,2.72,5,1,17,10-15K,1,0,1,1,1,Transitional,6,2026,2,961,12500,3,0,2,0
STU_3125,3.19,20,1,18,10-15K,0,0,1,1,0,Transitional,5,2026,2,933,12500,3,1,2,1
STU_3126,3.26,4,4,13,16-20K,1,0,2,1,1,Transitional,4,2026,2,893,18000,3,1,3,1
STU_3127,3.22,15,6,3,16-20K,1,0,2,1,0,Transitional,4,2026,2,907,18000,3,1,3,1
STU_3128,3.41,9,2,6,16-20K,1,0,2,1,1,Transitional,3,2026,1,875,18000,3,2,3,0
STU_3129,3.41,10,7,0,16-20K,1,0,2,1,0,Transitional,3,2026,1,870,18000,3,2,3,0
STU_3130,3.12,7,7,0,Below 10k,1,0,0,1,0,Transitional,4,2026,2,883,8000,3,1,1,1
STU_3131,3.27,18,0,2,Below 10k,1,0,0,1,0,Transitional,4,2026,2,892,8000,3,1,1,1
STU_3132,2.9,5,3,8,Below 10k,1,0,0,1,0,Transitional,5,2026,2,916,8000,3,0,1,0
STU_3133,3.31,20,1,11,10-15K,0,0,1,1,0,Transitional,5,2026,2,916,12500,3,1,2,1
STU_3134,3.24,14,4,13,10-15K,0,0,1,1,0,Transitional,3,2026,1,854,12500,3,1,2,1
STU_3135,3.31,16,4,13,10-15K,0,0,1,1,0,Transitional,3,2026,1,860,12500,3,1,2,1
STU_3136,3.2,7,7,0,16-20K,0,0,2,1,0,Transitional,6,2026,2,944,18000,3,1,3,1
STU_3137,3.12,10,2,6,16-20K,1,0,2,1,0,Transitional,4,2026,2,906,18000,3,1,3,1
STU_3138,3.37,6,1,11,10-15K,0,0,1,1,0,Transitional,5,2026,2,920,12500,3,1,2,1
STU_3139,3.2,5,1,18,Below 10k,0,0,0,1,0,Transitional,3,2026,1,872,8000,3,1,1,1
STU_3140,3.23,10,2,6,16-20K,1,0,2,1,0,Transitional,6,2026,2,959,18000,3,1,3,1
STU_3141,3.19,17,2,6,10-15K,0,0,1,1,0,Transitional,2,2026,1,832,12500,3,1,2,1
STU_3142,3.43,21,0,15,10-15K,1,0,1,1,0,Transitional,5,2026,2,941,12500,3,2,2,0
STU_3143,3.15,3,2,6,Below 10k,0,0,0,1,0,Transitional,3,2026,1,876,8000,3,1,1,1
STU_3144,3.28,10,2,6,16-20K,1,0,2,1,0,Transitional,6,2026,2,969,18000,3,1,3,1
STU_3145,3.7,15,6,1,Below 10k,1,0,0,2,0,Transitional,4,2026,2,884,8000,3,2,2,1
STU_3146,2.41,2,5,9,16-20K,0,0,2,0,0,Transitional,2,2026,1,827,18000,3,0,2,1
STU_3147,3.39,17,2,6,16-20K,1,0,2,1,1,Transitional,2,2026,1,838,18000,3,1,3,1
STU_3148,2.74,4,4,13,Below 10k,1,0,0,1,0,Transitional,3,2026,1,857,8000,3,0,1,0
STU_3149,3.21,5,3,8,16-20K,1,0,2,1,1,Transitional,2,2026,1,834,18000,3,1,3,1
STU_3150,3.2,3,2,6,Below 10k,1,0,0,1,0,Transitional,6,2026,2,958,8000,3,1,1,1
STU_3151,3.18,14,4,13,Below 10k,1,0,0,1,0,Transitional,2,2026,1,840,8000,3,1,1,1
STU_3152,3.2,20,1,17,Below 10k,1,0,0,1,0,Transitional,4,2026,2,883,8000,3,1,1,1
STU_3153,3.26,14,4,13,16-20K,1,0,2,1,0,Transitional,3,2026,1,881,18000,3,1,3,1
STU_3154,3.22,5,1,18,Below 10k,0,0,0,1,0,Transitional,2,2026,1,839,8000,3,1,1,1
STU_3155,3.4,16,6,12,10-15K,1,0,1,1,0,Transitional,2,2026,1,825,12500,3,2,2,0
STU_3156,3.14,9,0,5,10-15K,1,0,1,1,1,Transitional,4,2026,2,887,12500,3,1,2,1
STU_3157,3.01,16,6,10,16-20K,0,0,2,1,1,Transitional,2,2026,1,833,18000,3,1,3,1
STU_3158,3.22,13,5,9,16-20K,1,0,2,1,0,Transitional,3,2026,1,861,18000,3,1,3,1
STU_3159,3.39,7,1,17,10-15K,1,0,1,1,0,Transitional,3,2026,1,856,12500,3,1,2,1
STU_3160,3.25,15,6,10,16-20K,1,0,2,1,0,Transitional,6,2026,2,946,18000,3,1,3,1
STU_3161,3.68,19,6,12,Below 10k,1,0,0,2,0,Transitional,5,2026,2,914,8000,3,2,2,1
STU_3162,3.47,1,4,13,Below 10k,0,0,0,1,0,Transitional,5,2026,2,925,8000,3,2,1,0
STU_3163,3.35,12,6,3,Below 10k,1,0,0,1,0,Transitional,6,2026,2,960,8000,3,1,1,1
STU_3164,2.86,18,0,15,16-20K,0,0,2,1,0,Transitional,2,2026,1,828,18000,3,0,3,0
STU_3165,3.2,3,2,6,10-15K,0,0,1,1,0,Transitional,6,2026,2,964,12500,3,1,2,1
STU_3166,3.13,20,1,18,16-20K,0,0,2,1,0,Transitional,5,2026,2,933,18000,3,1,3,1
STU_3167,3.26,22,3,8,Below 10k,1,0,0,1,0,Transitional,5,2026,2,942,8000,3,1,1,1
STU_3168,3.32,0,7,0,16-20K,1,0,2,1,0,Transitional,6,2026,2,965,18000,3,1,3,1
STU_3169,3.23,1,4,13,16-20K,1,0,2,1,0,Transitional,2,2026,1,840,18000,3,1,3,1
STU_3170,3.22,7,1,17,Below 10k,0,0,0,1,0,Transitional,4,2026,2,891,8000,3,1,1,1
STU_3171,2.79,10,2,6,16-20K,0,0,2,1,0,Transitional,6,2026,2,972,18000,3,0,3,0
STU_3172,3.11,11,5,9,10-15K,0,0,1,1,0,Transitional,4,2026,2,887,12500,3,1,2,1
STU_3173,3.2,6,1,18,Below 10k,1,0,0,1,0,Transitional,2,2026,1,827,8000,3,1,1,1
STU_3174,3.31,6,6,12,10-15K,1,0,1,1,0,Transitional,3,2026,1,876,12500,3,1,2,1
STU_3175,2.84,9,2,6,16-20K,0,0,2,1,1,Transitional,4,2026,2,885,18000,3,0,3,0
STU_3176,2.81,5,1,18,10-15K,0,0,1,1,0,Transitional,5,2026,2,928,12500,3,0,2,0
STU_3177,2.16,11,5,9,Below 10k,1,0,0,0,0,Transitional,3,2026,1,879,8000,3,0,0,1
STU_3178,3.11,0,7,0,Below 10k,0,0,0,1,0,Transitional,3,2026,1,851,8000,3,1,1,1
STU_3179,3.41,7,3,8,Below 10k,0,0,0,1,0,Transitional,3,2026,1,861,8000,3,2,1,0
STU_3180,3.4,17,2,6,10-15K,1,0,1,1,0,Transitional,5,2026,2,934,12500,3,2,2,0
STU_3181,3.42,12,6,12,Below 10k,1,0,0,1,0,Transitional,3,2026,1,859,8000,3,2,1,0
STU_3182,3.4,13,5,9,10-15K,0,0,1,1,0,Transitional,6,2026,2,961,12500,3,2,2,0
STU_3183,2.61,3,2,6,16-20K,0,0,2,1,0,Transitional,6,2026,2,957,18000,3,0,3,0
STU_3184,3.36,4,4,13,Below 10k,0,0,0,1,0,Transitional,6,2026,2,949,8000,3,1,1,1
STU_3185,3.14,4,4,13,16-20K,1,0,2,1,0,Transitional,5,2026,2,920,18000,3,1,3,1
STU_3186,3.12,0,1,18,16-20K,1,0,2,1,0,Transitional,5,2026,2,921,18000,3,1,3,1
STU_3187,2.27,10,2,6,Below 10k,0,0,0,0,0,Transitional,4,2026,2,884,8000,3,0,0,1
STU_3188,3.31,21,0,16,16-20K,0,0,2,1,0,Transitional,5,2026,2,929,18000,3,1,3,1
STU_3189,3.52,21,0,4,16-20K,1,0,2,2,1,Transitional,5,2026,2,921,18000,3,2,4,1
STU_3190,2.53,10,7,0,16-20K,1,0,2,1,0,Transitional,2,2026,1,837,18000,3,0,3,0
STU_3191,3.29,17,2,6,10-15K,1,0,1,1,0,Transitional,3,2026,1,853,12500,3,1,2,1
STU_3192,3.72,16,4,13,Below 10k,0,0,0,2,0,Transitional,2,2026,1,843,8000,3,2,2,1
STU_3193,3.49,11,5,9,10-15K,1,0,1,1,1,Transitional,5,2026,2,935,12500,3,2,2,0
STU_3194,2.91,1,4,13,Below 10k,0,0,0,1,0,Transitional,2,2026,1,834,8000,3,0,1,0
STU_3195,2.74,1,4,13,Below 10k,0,0,0,1,0,Transitional,6,2026,2,958,8000,3,0,1,0
STU_3196,2.73,14,4,13,Below 10k,0,0,0,1,1,Transitional,6,2026,2,965,8000,3,0,1,0
STU_3197,3.12,10,2,6,16-20K,1,0,2,1,0,Transitional,4,2026,2,911,18000,3,1,3,1
STU_3198,3.77,16,4,13,10-15K,1,0,1,2,0,Transitional,2,2026,1,832,12500,3,2,3,1
STU_3199,3.15,9,2,6,10-15K,1,0,1,1,1,Transitional,3,2026,1,881,12500,3,1,2,1
STU_3200,3.39,4,4,13,10-15K,1,0,1,1,0,Transitional,4,2026,2,885,12500,3,1,2,1
STU_3201,2.6,21,0,15,Below 10k,1,0,0,1,0,Transitional,2,2026,1,829,8000,3,0,1,0
STU_3202,3.43,21,0,16,Below 10k,0,0,0,1,1,Transitional,2,2026,1,837,8000,3,2,1,0
STU_3203,3.13,9,7,0,10-15K,0,0,1,1,0,Transitional,3,2026,1,878,12500,3,1,2,1
STU_3204,3.05,0,1,18,10-15K,1,0,1,1,0,Transitional,2,2026,1,823,12500,3,1,2,1
STU_3205,2.86,2,5,9,10-15K,1,0,1,1,0,Transitional,2,2026,1,828,12500,3,0,2,0
STU_3206,2.77,18,0,5,10-15K,1,0,1,1,1,Transitional,4,2026,2,910,12500,3,0,2,0
STU_3207,3.16,10,2,6,10-15K,0,0,1,1,0,Transitional,4,2026,2,895,12500,3,1,2,1
STU_3208,2.22,16,4,13,Below 10k,0,0,0,0,0,Transitional,2,2026,1,839,8000,3,0,0,1
STU_3209,3.17,6,6,1,Below 10k,1,0,0,1,0,Transitional,6,2026,2,950,8000,3,1,1,1
STU_3210,3.24,5,3,8,16-20K,1,0,2,1,1,Transitional,2,2026,1,840,18000,3,1,3,1
STU_3211,3.15,0,1,11,Below 10k,1,0,0,1,0,Transitional,6,2026,2,953,8000,3,1,1,1
STU_3212,3.29,13,5,9,16-20K,1,0,2,1,1,Transitional,3,2026,1,878,18000,3,1,3,1
STU_3213,3.27,5,1,18,10-15K,1,0,1,1,0,Transitional,2,2026,1,847,12500,3,1,2,1
STU_3214,3.32,5,1,18,10-15K,0,0,1,1,0,Transitional,5,2026,2,913,12500,3,1,2,1
STU_3215,3.22,7,1,18,Below 10k,1,0,0,1,0,Transitional,2,2026,1,832,8000,3,1,1,1
STU_3216,3.28,16,4,13,Below 10k,0,0,0,1,0,Transitional,4,2026,2,897,8000,3,1,1,1
STU_3217,3.25,18,0,5,16-20K,0,0,2,1,0,Transitional,4,2026,2,896,18000,3,1,3,1
STU_3218,3.41,7,1,17,10-15K,0,0,1,1,0,Transitional,5,2026,2,923,12500,3,2,2,0
STU_3219,2.64,6,1,11,16-20K,0,0,2,1,0,Transitional,6,2026,2,958,18000,3,0,3,0
STU_3220,3.11,5,0,5,16-20K,1,0,2,1,0,Transitional,5,2026,2,919,18000,3,1,3,1
STU_3221,3.43,2,5,9,16-20K,1,0,2,1,1,Transitional,6,2026,2,958,18000,3,2,3,0
STU_3222,3.12,22,3,8,10-15K,1,0,1,1,1,Transitional,3,2026,1,859,12500,3,1,2,1
STU_3223,3.18,21,0,4,16-20K,1,0,2,1,0,Transitional,6,2026,2,962,18000,3,1,3,1
STU_3224,2.82,2,5,9,10-15K,0,0,1,1,0,Transitional,6,2026,2,967,12500,3,0,2,0
STU_3225,3.21,9,0,5,Below 10k,0,0,0,1,0,Transitional,2,2026,1,846,8000,3,1,1,1
STU_3226,3.62,16,6,3,16-20K,1,0,2,2,1,Transitional,2,2026,1,828,18000,3,2,4,1
STU_3227,2.65,5,0,5,Below 10k,0,0,0,1,0,Transitional,4,2026,2,907,8000,3,0,1,0
STU_3228,3.59,7,3,8,16-20K,1,0,2,2,1,Transitional,2,2026,1,828,18000,3,2,4,1
STU_3229,3.17,10,2,6,10-15K,0,0,1,1,0,Transitional,6,2026,2,956,12500,3,1,2,1
STU_3230,3.1,2,5,9,16-20K,1,0,2,1,1,Transitional,3,2026,1,859,18000,3,1,3,1
STU_3231,3.86,0,1,11,16-20K,1,0,2,2,1,Transitional,5,2026,2,929,18000,3,2,4,1
STU_3232,3.24,21,0,5,Below 10k,0,0,0,1,0,Transitional,4,2026,2,896,8000,3,1,1,1
STU_3233,2.65,2,5,9,16-20K,1,0,2,1,1,Transitional,3,2026,1,876,18000,3,0,3,0
STU_3234,3.21,1,4,13,16-20K,0,0,2,1,0,Transitional,6,2026,2,961,18000,3,1,3,1
STU_3235,3.3,12,6,14,Below 10k,0,0,0,1,0,Transitional,4,2026,2,911,8000,3,1,1,1
STU_3236,3.33,4,4,13,16-20K,1,0,2,1,0,Transitional,5,2026,2,940,18000,3,1,3,1
STU_3237,3.32,5,3,8,10-15K,0,0,1,1,0,Transitional,3,2026,1,859,12500,3,1,2,1
STU_3238,3.4,3,2,6,16-20K,0,0,2,1,1,Transitional,3,2026,1,856,18000,3,2,3,0
STU_3239,2.85,10,2,6,16-20K,1,0,2,1,1,Transitional,3,2026,1,863,18000,3,0,3,0
STU_3240,3.69,4,4,13,10-15K,1,0,1,2,0,Transitional,5,2026,2,926,12500,3,2,3,1
STU_3241,3.38,6,1,17,Below 10k,0,0,0,1,1,Transitional,2,2026,1,831,8000,3,1,1,1
STU_3242,3.43,13,5,9,16-20K,1,0,2,1,1,Transitional,2,2026,1,850,18000,3,2,3,0
STU_3243,3.17,9,0,4,16-20K,0,0,2,1,0,Transitional,3,2026,1,854,18000,3,1,3,1
STU_3244,3.15,14,4,13,10-15K,1,0,1,1,1,Transitional,2,2026,1,850,12500,3,1,2,1
STU_3245,3.38,15,6,14,16-20K,0,0,2,1,0,Transitional,6,2026,2,962,18000,3,1,3,1
STU_3246,3.51,0,1,11,10-15K,1,0,1,2,0,Transitional,6,2026,2,952,12500,3,2,3,1
STU_3247,2.69,16,6,14,10-15K,1,0,1,1,0,Transitional,4,2026,2,901,12500,3,0,2,0
STU_3248,3.34,10,2,6,Below 10k,1,0,0,1,0,Transitional,5,2026,2,938,8000,3,1,1,1
STU_3249,3.18,19,6,14,Below 10k,0,0,0,1,0,Transitional,5,2026,2,940,8000,3,1,1,1
STU_3250,3.13,7,1,11,10-15K,0,0,1,1,0,Transitional,6,2026,2,946,12500,3,1,2,1
STU_3251,3.44,14,4,13,16-20K,0,0,2,1,0,Transitional,2,2026,1,850,18000,3,2,3,0
STU_3252,3.13,16,4,13,16-20K,0,0,2,1,0,Transitional,4,2026,2,898,18000,3,1,3,1
STU_3253,2.79,9,7,0,Below 10k,1,0,0,1,0,Transitional,5,2026,2,918,8000,3,0,1,0
STU_3254,2.74,5,3,8,10-15K,1,0,1,1,0,Transitional,2,2026,1,833,12500,3,0,2,0
STU_3255,3.43,5,0,4,10-15K,1,0,1,1,1,Transitional,2,2026,1,840,12500,3,2,2,0
STU_3256,3.23,19,6,1,16-20K,1,0,2,1,1,Transitional,6,2026,2,954,18000,3,1,3,1
STU_3257,3.82,12,3,8,10-15K,1,0,1,2,0,Transitional,5,2026,2,938,12500,3,2,3,1
STU_3258,2.68,19,6,3,Below 10k,0,0,0,1,0,Transitional,2,2026,1,823,8000,3,0,1,0
STU_3259,2.9,9,0,5,10-15K,0,0,1,1,0,Transitional,2,2026,1,837,12500,3,0,2,0
STU_3260,3.35,0,1,17,16-20K,1,0,2,1,1,Transitional,3,2026,1,879,18000,3,1,3,1
STU_3261,3.39,3,2,6,10-15K,1,0,1,1,0,Transitional,4,2026,2,900,12500,3,1,2,1
STU_3262,3.36,5,0,2,10-15K,0,0,1,1,0,Transitional,4,2026,2,903,12500,3,1,2,1
STU_3263,3.19,9,2,6,16-20K,0,0,2,1,0,Transitional,3,2026,1,879,18000,3,1,3,1
STU_3264,2.53,13,5,9,16-20K,1,0,2,1,1,Transitional,3,2026,1,862,18000,3,0,3,0
STU_3265,3.37,3,2,6,Below 10k,0,0,0,1,0,Transitional,3,2026,1,862,8000,3,1,1,1
STU_3266,3.23,17,2,6,16-20K,1,0,2,1,0,Transitional,6,2026,2,963,18000,3,1,3,1
STU_3267,3.17,7,7,0,16-20K,1,0,2,1,1,Transitional,4,2026,2,884,18000,3,1,3,1
STU_3268,3.29,16,6,14,16-20K,0,0,2,1,0,Transitional,5,2026,2,942,18000,3,1,3,1
STU_3269,3.3,9,2,6,Below 10k,1,0,0,1,0,Transitional,2,2026,1,844,8000,3,1,1,1
STU_3270,3.4,16,6,12,16-20K,1,0,2,1,1,Transitional,6,2026,2,960,18000,3,2,3,0
STU_3271,3.16,10,2,6,Below 10k,0,0,0,1,0,Transitional,4,2026,2,894,8000,3,1,1,1
STU_3272,2.73,14,4,13,Below 10k,1,0,0,1,0,Transitional,2,2026,1,831,8000,3,0,1,0
STU_3273,2.35,13,5,9,Below 10k,0,0,0,0,0,Transitional,5,2026,2,917,8000,3,0,0,1
STU_3274,3.36,13,0,2,16-20K,1,0,2,1,1,Transitional,4,2026,2,888,18000,3,1,3,1
STU_3275,3.35,7,3,8,10-15K,0,0,1,1,0,Transitional,6,2026,2,959,12500,3,1,2,1
STU_3276,2.94,0,7,0,16-20K,1,0,2,1,1,Transitional,5,2026,2,939,18000,3,0,3,0
STU_3277,3.24,3,2,6,Below 10k,1,0,0,1,0,Transitional,6,2026,2,966,8000,3,1,1,1
STU_3278,3.15,1,4,13,16-20K,0,0,2,1,0,Transitional,3,2026,1,875,18000,3,1,3,1
STU_3279,3.24,8,7,0,Below 10k,1,0,0,1,0,Transitional,3,2026,1,860,8000,3,1,1,1
STU_3280,3.27,18,0,15,16-20K,0,0,2,1,0,Transitional,3,2026,1,856,18000,3,1,3,1
STU_3281,3.3,9,2,6,10-15K,1,0,1,1,1,Transitional,6,2026,2,966,12500,3,1,2,1
STU_3282,3.7,21,0,5,Below 10k,1,0,0,2,0,Transitional,2,2026,1,833,8000,3,2,2,1
STU_3283,3.35,17,2,6,16-20K,0,0,2,1,0,Transitional,3,2026,1,860,18000,3,1,3,1
STU_3284,3.26,16,6,10,10-15K,1,0,1,1,1,Transitional,3,2026,1,859,12500,3,1,2,1
STU_3285,2.87,17,2,6,Below 10k,1,0,0,1,0,Transitional,6,2026,2,945,8000,3,0,1,0
STU_3286,3.46,16,4,13,16-20K,0,0,2,1,0,Transitional,6,2026,2,960,18000,3,2,3,0
STU_3287,2.52,12,6,10,16-20K,1,0,2,1,0,Transitional,2,2026,1,830,18000,3,0,3,0
STU_3288,3.24,9,2,6,16-20K,0,0,2,1,0,Transitional,4,2026,2,908,18000,3,1,3,1
STU_3289,3.38,15,6,3,10-15K,0,0,1,1,0,Transitional,3,2026,1,862,12500,3,1,2,1
STU_3290,3.43,10,2,6,16-20K,1,0,2,1,0,Transitional,6,2026,2,961,18000,3,2,3,0
STU_3291,3.3,12,6,14,Below 10k,0,0,0,1,0,Transitional,4,2026,2,893,8000,3,1,1,1
STU_3292,2.87,10,2,6,16-20K,0,0,2,1,0,Transitional,4,2026,2,888,18000,3,0,3,0
STU_3293,3.19,16,4,13,16-20K,1,0,2,1,1,Transitional,6,2026,2,971,18000,3,1,3,1
STU_3294,3.2,12,6,10,10-15K,0,0,1,1,0,Transitional,2,2026,1,850,12500,3,1,2,1
STU_3295,3.35,5,1,17,Below 10k,0,0,0,1,1,Transitional,5,2026,2,939,8000,3,1,1,1
STU_3296,3.11,10,2,6,10-15K,1,0,1,1,0,Transitional,3,2026,1,877,12500,3,1,2,1
STU_3297,3.38,21,0,15,Below 10k,0,0,0,1,0,Transitional,6,2026,2,953,8000,3,1,1,1
STU_3298,3.19,2,5,9,10-15K,0,0,1,1,0,Transitional,6,2026,2,963,12500,3,1,2,1
STU_3299,3.14,10,2,6,10-15K,1,0,1,1,1,Transitional,2,2026,1,824,12500,3,1,2,1
STU_3300,3.27,10,2,6,16-20K,1,0,2,1,0,Transitional,4,2026,2,901,18000,3,1,3,1
STU_3301,3.23,16,4,13,16-20K,0,0,2,1,1,Transitional,5,2026,2,935,18000,3,1,3,1
STU_3302,3.26,9,2,6,10-15K,1,0,1,1,0,Transitional,5,2026,2,931,12500,3,1,2,1
STU_3303,3.27,16,4,13,Below 10k,1,0,0,1,0,Transitional,5,2026,2,920,8000,3,1,1,1
STU_3304,3.14,5,1,17,16-20K,0,0,2,1,0,Transitional,6,2026,2,954,18000,3,1,3,1
STU_3305,2.62,7,3,8,10-15K,1,0,1,1,0,Transitional,5,2026,2,936,12500,3,0,2,0
STU_3306,3.39,12,6,14,10-15K,0,0,1,1,0,Transitional,2,2026,1,843,12500,3,1,2,1
STU_3307,3.45,5,1,17,Below 10k,0,0,0,1,0,Transitional,5,2026,2,924,8000,3,2,1,0
STU_3308,3.3,11,5,9,Below 10k,1,0,0,1,0,Transitional,5,2026,2,928,8000,3,1,1,1
STU_3309,3.13,6,1,18,Below 10k,1,0,0,1,0,Transitional,6,2026,2,944,8000,3,1,1,1
STU_3310,2.73,7,3,8,Below 10k,1,0,0,1,0,Transitional,3,2026,1,853,8000,3,0,1,0
STU_3311,3.36,14,4,13,16-20K,1,0,2,1,1,Transitional,2,2026,1,836,18000,3,1,3,1
STU_3312,2.9,9,2,6,10-15K,1,0,1,1,0,Transitional,5,2026,2,920,12500,3,0,2,0
STU_3313,3.43,12,3,8,10-15K,1,0,1,1,0,Transitional,5,2026,2,916,12500,3,2,2,0
STU_3314,2.93,9,2,6,16-20K,0,0,2,1,0,Transitional,5,2026,2,933,18000,3,0,3,0
STU_3315,3.44,19,6,12,16-20K,0,0,2,1,1,Transitional,2,2026,1,828,18000,3,2,3,0
STU_3316,3.31,21,0,16,16-20K,0,0,2,1,0,Transitional,2,2026,1,840,18000,3,1,3,1
STU_3317,3.37,1,4,13,10-15K,0,0,1,1,0,Transitional,2,2026,1,823,12500,3,1,2,1
STU_3318,3.46,4,4,13,Below 10k,0,0,0,1,0,Transitional,6,2026,2,943,8000,3,2,1,0
STU_3319,3.42,22,3,8,16-20K,0,0,2,1,0,Transitional,2,2026,1,830,18000,3,2,3,0
STU_3320,3.37,9,0,2,10-15K,1,0,1,1,1,Transitional,3,2026,1,856,12500,3,1,2,1
STU_3321,3.07,3,2,6,10-15K,0,0,1,1,0,Transitional,4,2026,2,888,12500,3,1,2,1
STU_3322,3.25,13,5,9,Below 10k,1,0,0,1,0,Transitional,6,2026,2,955,8000,3,1,1,1
STU_3323,2.7,11,5,9,10-15K,0,0,1,1,0,Transitional,4,2026,2,886,12500,3,0,2,0
STU_3324,3.94,16,4,13,16-20K,1,0,2,2,1,Transitional,4,2026,2,902,18000,3,2,4,1
STU_3325,3.1,6,6,10,10-15K,1,0,1,1,0,Transitional,3,2026,1,866,12500,3,1,2,1
STU_3326,2.92,12,6,3,10-15K,1,0,1,1,0,Transitional,6,2026,2,964,12500,3,0,2,0
STU_3327,3.31,22,3,8,10-15K,0,0,1,1,1,Transitional,3,2026,1,880,12500,3,1,2,1
STU_3328,2.62,16,4,13,10-15K,0,0,1,1,0,Transitional,6,2026,2,972,12500,3,0,2,0
STU_3329,3.46,21,0,2,16-20K,1,0,2,1,1,Transitional,5,2026,2,940,18000,3,2,3,0
STU_3330,2.71,3,2,6,10-15K,1,0,1,1,0,Transitional,5,2026,2,914,12500,3,0,2,0
STU_3331,3.37,7,1,17,Below 10k,0,0,0,1,0,Transitional,6,2026,2,959,8000,3,1,1,1
STU_3332,3.62,3,2,6,Below 10k,0,0,0,2,0,Transitional,6,2026,2,957,8000,3,2,2,1
STU_3333,3.25,3,2,6,16-20K,1,0,2,1,1,Transitional,2,2026,1,828,18000,3,1,3,1
STU_3334,2.9,7,3,8,16-20K,1,0,2,1,0,Transitional,2,2026,1,837,18000,3,0,3,0
STU_3335,3.4,8,7,0,Below 10k,0,0,0,1,0,Transitional,6,2026,2,964,8000,3,2,1,0
STU_3336,3.15,15,6,14,10-15K,1,0,1,1,0,Transitional,3,2026,1,870,12500,3,1,2,1
STU_3337,3.14,9,0,4,10-15K,0,0,1,1,1,Transitional,4,2026,2,885,12500,3,1,2,1
STU_3338,2.55,11,5,9,10-15K,0,0,1,1,1,Transitional,5,2026,2,923,12500,3,0,2,0
STU_3339,3.23,10,2,6,10-15K,0,0,1,1,0,Transitional,3,2026,1,855,12500,3,1,2,1
STU_3340,3.31,1,4,13,10-15K,0,0,1,1,0,Transitional,5,2026,2,935,12500,3,1,2,1
STU_3341,3.16,6,1,17,Below 10k,1,0,0,1,0,Transitional,4,2026,2,907,8000,3,1,1,1
STU_3342,2.84,22,3,8,16-20K,0,0,2,1,0,Transitional,3,2026,1,873,18000,3,0,3,0
STU_3343,3.36,8,7,0,16-20K,1,0,2,1,1,Transitional,6,2026,2,951,18000,3,1,3,1
STU_3344,3.9,3,2,6,10-15K,0,0,1,2,0,Transitional,4,2026,2,884,12500,3,2,3,1
STU_3345,3.54,7,7,0,10-15K,1,0,1,2,0,Transitional,3,2026,1,875,12500,3,2,3,1
STU_3346,3.39,13,5,9,16-20K,0,0,2,1,0,Transitional,3,2026,1,878,18000,3,1,3,1
STU_3347,3.28,15,6,1,Below 10k,1,0,0,1,0,Transitional,5,2026,2,914,8000,3,1,1,1
STU_3348,3.18,14,4,13,16-20K,1,0,2,1,1,Transitional,3,2026,1,872,18000,3,1,3,1
STU_3349,2.82,15,6,10,10-15K,0,0,1,1,0,Transitional,4,2026,2,896,12500,3,0,2,0
STU_3350,2.6,14,4,13,16-20K,0,0,2,1,0,Transitional,2,2026,1,849,18000,3,0,3,0
STU_3351,3.49,1,4,13,16-20K,1,0,2,1,1,Transitional,6,2026,2,961,18000,3,2,3,0
STU_3352,3.12,4,4,13,16-20K,0,0,2,1,0,Transitional,2,2026,1,829,18000,3,1,3,1
STU_3353,3.42,16,6,3,16-20K,0,0,2,1,0,Transitional,2,2026,1,825,18000,3,2,3,0
STU_3354,2.59,17,2,6,10-15K,1,0,1,1,1,Transitional,3,2026,1,855,12500,3,0,2,0
STU_3355,3.45,10,7,0,10-15K,0,0,1,1,0,Transitional,2,2026,1,845,12500,3,2,2,0
STU_3356,3.15,0,7,0,10-15K,0,0,1,1,1,Transitional,3,2026,1,870,12500,3,1,2,1
STU_3357,2.15,7,7,0,Below 10k,1,0,0,0,0,Transitional,3,2026,1,870,8000,3,0,0,1
STU_3358,3.26,1,4,13,10-15K,0,0,1,1,0,Transitional,2,2026,1,844,12500,3,1,2,1
STU_3359,3.27,18,0,16,Below 10k,1,0,0,1,0,Transitional,3,2026,1,861,8000,3,1,1,1
STU_3360,3.39,17,2,6,Below 10k,1,0,0,1,0,Transitional,4,2026,2,901,8000,3,1,1,1
STU_3361,2.91,0,7,0,Below 10k,0,0,0,1,0,Transitional,3,2026,1,855,8000,3,0,1,0
STU_3362,3.35,18,0,2,Below 10k,1,0,0,1,0,Transitional,5,2026,2,927,8000,3,1,1,1
STU_3363,3.43,20,1,11,10-15K,1,0,1,1,1,Transitional,5,2026,2,924,12500,3,2,2,0
STU_3364,3.34,15,6,14,Below 10k,1,0,0,1,0,Transitional,6,2026,2,947,8000,3,1,1,1
STU_3365,3.41,15,6,14,10-15K,1,0,1,1,0,Transitional,4,2026,2,905,12500,3,2,2,0
STU_3366,2.64,5,3,8,10-15K,1,0,1,1,1,Transitional,5,2026,2,928,12500,3,0,2,0
STU_3367,3.14,21,0,4,Below 10k,0,0,0,1,0,Transitional,3,2026,1,868,8000,3,1,1,1
STU_3368,3.28,13,5,9,16-20K,1,0,2,1,0,Transitional,3,2026,1,856,18000,3,1,3,1
STU_3369,3.25,5,1,11,Below 10k,1,0,0,1,0,Transitional,6,2026,2,947,8000,3,1,1,1
STU_3370,3.94,10,2,6,Below 10k,0,0,0,2,0,Transitional,4,2026,2,882,8000,3,2,2,1
STU_3371,2.82,13,5,9,16-20K,0,0,2,1,0,Transitional,4,2026,2,908,18000,3,0,3,0
STU_3372,3.21,16,4,13,10-15K,0,0,1,1,0,Transitional,3,2026,1,869,12500,3,1,2,1
STU_3373,3.01,15,6,3,Below 10k,0,0,0,1,0,Transitional,6,2026,2,972,8000,3,1,1,1
STU_3374,3.34,3,2,6,10-15K,1,0,1,1,0,Transitional,3,2026,1,871,12500,3,1,2,1
STU_3375,3.46,12,3,8,16-20K,1,0,2,1,0,Transitional,4,2026,2,894,18000,3,2,3,0
STU_3376,3.11,2,5,9,Below 10k,0,0,0,1,0,Transitional,4,2026,2,892,8000,3,1,1,1
STU_3377,2.6,10,7,0,16-20K,0,0,2,1,0,Transitional,3,2026,1,879,18000,3,0,3,0
STU_3378,3.16,8,7,0,16-20K,1,0,2,1,1,Transitional,4,2026,2,882,18000,3,1,3,1
STU_3379,3.18,7,3,8,16-20K,0,0,2,1,0,Transitional,6,2026,2,958,18000,3,1,3,1
STU_3380,3.06,19,6,12,Below 10k,0,0,0,1,0,Transitional,2,2026,1,836,8000,3,1,1,1
STU_3381,3.13,8,7,0,16-20K,0,0,2,1,0,Transitional,6,2026,2,968,18000,3,1,3,1
STU_3382,3.25,3,2,6,16-20K,0,0,2,1,0,Transitional,4,2026,2,892,18000,3,1,3,1
STU_3383,3.41,7,7,0,16-20K,1,0,2,1,1,Transitional,2,2026,1,833,18000,3,2,3,0
STU_3384,3.31,16,4,13,Below 10k,1,0,0,1,0,Transitional,3,2026,1,876,8000,3,1,1,1
STU_3385,2.69,10,2,6,10-15K,1,0,1,1,0,Transitional,3,2026,1,859,12500,3,0,2,0
STU_3386,3.23,9,2,6,16-20K,1,0,2,1,0,Transitional,4,2026,2,905,18000,3,1,3,1
STU_3387,3.32,19,6,1,Below 10k,0,0,0,1,0,Transitional,6,2026,2,943,8000,3,1,1,1
STU_3388,2.79,9,7,0,16-20K,1,0,2,1,1,Transitional,4,2026,2,887,18000,3,0,3,0
STU_3389,3.45,12,3,8,16-20K,1,0,2,1,1,Transitional,3,2026,1,851,18000,3,2,3,0
STU_3390,3.91,9,0,4,10-15K,0,0,1,2,0,Transitional,3,2026,1,871,12500,3,2,3,1
STU_3391,3.74,10,2,6,16-20K,0,0,2,2,0,Transitional,4,2026,2,893,18000,3,2,4,1
STU_3392,2.65,6,1,17,16-20K,1,0,2,1,1,Transitional,5,2026,2,935,18000,3,0,3,0
STU_3393,3.33,17,2,6,10-15K,1,0,1,1,0,Transitional,6,2026,2,966,12500,3,1,2,1
STU_3394,3.27,22,3,8,16-20K,1,0,2,1,1,Transitional,6,2026,2,968,18000,3,1,3,1
STU_3395,3.36,6,1,11,Below 10k,1,0,0,1,0,Transitional,4,2026,2,895,8000,3,1,1,1
STU_3396,3.87,13,5,9,16-20K,0,0,2,2,0,Transitional,5,2026,2,923,18000,3,2,4,1
STU_3397,3.71,20,1,17,16-20K,1,0,2,2,1,Transitional,5,2026,2,921,18000,3,2,4,1
STU_3398,2.83,2,5,9,10-15K,0,0,1,1,0,Transitional,4,2026,2,889,12500,3,0,2,0
STU_3399,3.65,9,0,15,16-20K,1,0,2,2,1,Transitional,2,2026,1,836,18000,3,2,4,1
STU_3400,3.23,14,4,13,Below 10k,0,0,0,1,0,Transitional,2,2026,1,848,8000,3,1,1,1
STU_3401,3.27,9,7,0,10-15K,0,0,1,1,0,Transitional,4,2026,2,907,12500,3,1,2,1
STU_3402,3.17,9,7,0,10-15K,0,0,1,1,0,Transitional,3,2026,1,871,12500,3,1,2,1
STU_3403,3.15,5,1,11,16-20K,1,0,2,1,1,Transitional,4,2026,2,884,18000,3,1,3,1
STU_3404,3.28,16,4,13,Below 10k,0,0,0,1,1,Transitional,6,2026,2,950,8000,3,1,1,1
STU_3405,3.26,2,5,9,16-20K,0,0,2,1,0,Transitional,3,2026,1,861,18000,3,1,3,1
STU_3406,2.81,12,6,14,10-15K,1,0,1,1,0,Transitional,6,2026,2,950,12500,3,0,2,0
STU_3407,2.57,4,4,13,10-15K,0,0,1,1,0,Transitional,2,2026,1,836,12500,3,0,2,0
STU_3408,3.2,22,3,8,10-15K,0,0,1,1,0,Transitional,6,2026,2,969,12500,3,1,2,1
STU_3409,3.51,7,1,18,10-15K,1,0,1,2,1,Transitional,6,2026,2,961,12500,3,2,3,1
STU_3410,3.43,7,3,8,10-15K,0,0,1,1,0,Transitional,3,2026,1,866,12500,3,2,2,0
STU_3411,3.39,20,1,17,10-15K,1,0,1,1,0,Transitional,6,2026,2,949,12500,3,1,2,1
STU_3412,3.17,6,1,17,16-20K,0,0,2,1,0,Transitional,5,2026,2,924,18000,3,1,3,1
STU_3413,3.24,4,4,13,Below 10k,1,0,0,1,0,Transitional,2,2026,1,834,8000,3,1,1,1
STU_3414,2.95,12,3,8,Below 10k,1,0,0,1,0,Transitional,4,2026,2,891,8000,3,0,1,0
STU_3415,2.99,4,4,13,Below 10k,1,0,0,1,0,Transitional,3,2026,1,861,8000,3,0,1,0
STU_3416,2.64,7,1,11,16-20K,1,0,2,1,1,Transitional,3,2026,1,873,18000,3,0,3,0
STU_3417,3.12,16,4,13,10-15K,1,0,1,1,0,Transitional,4,2026,2,910,12500,3,1,2,1
STU_3418,2.9,9,2,6,10-15K,0,0,1,1,0,Transitional,6,2026,2,949,12500,3,0,2,0
STU_3419,3.42,4,4,13,10-15K,0,0,1,1,0,Transitional,2,2026,1,828,12500,3,2,2,0
STU_3420,2.21,10,2,6,10-15K,0,0,1,0,0,Transitional,4,2026,2,905,12500,3,0,1,1
STU_3421,3.38,17,2,6,16-20K,1,0,2,1,1,Transitional,6,2026,2,962,18000,3,1,3,1
STU_3422,3.42,10,2,6,Below 10k,0,0,0,1,0,Transitional,4,2026,2,886,8000,3,2,1,0
STU_3423,3.21,9,0,15,10-15K,0,0,1,1,0,Transitional,3,2026,1,874,12500,3,1,2,1
STU_3424,3.22,9,2,6,Below 10k,1,0,0,1,0,Transitional,4,2026,2,896,8000,3,1,1,1
STU_3425,3.37,12,6,1,16-20K,1,0,2,1,0,Transitional,6,2026,2,962,18000,3,1,3,1
STU_3426,3.33,19,6,10,10-15K,1,0,1,1,1,Transitional,4,2026,2,910,12500,3,1,2,1
STU_3427,3.4,11,5,9,16-20K,0,0,2,1,0,Transitional,5,2026,2,940,18000,3,2,3,0
STU_3428,3.37,19,6,3,10-15K,0,0,1,1,0,Transitional,6,2026,2,954,12500,3,1,2,1
STU_3429,3.17,21,0,5,16-20K,0,0,2,1,0,Transitional,6,2026,2,960,18000,3,1,3,1
STU_3430,2.92,5,1,17,Below 10k,1,0,0,1,0,Transitional,4,2026,2,891,8000,3,0,1,0
STU_3431,2.19,2,5,9,Below 10k,0,0,0,0,0,Transitional,2,2026,1,836,8000,3,0,0,1
STU_3432,3.2,13,5,9,16-20K,1,0,2,1,0,Transitional,2,2026,1,847,18000,3,1,3,1
STU_3433,3.15,16,4,13,16-20K,1,0,2,1,0,Transitional,4,2026,2,895,18000,3,1,3,1
STU_3434,3.2,9,2,6,Below 10k,1,0,0,1,0,Transitional,3,2026,1,861,8000,3,1,1,1
STU_3435,3.31,11,5,9,10-15K,1,0,1,1,0,Transitional,6,2026,2,956,12500,3,1,2,1
STU_3436,3.43,21,0,5,16-20K,1,0,2,1,0,Transitional,2,2026,1,839,18000,3,2,3,0
STU_3437,3.19,12,6,3,Below 10k,1,0,0,1,0,Transitional,4,2026,2,900,8000,3,1,1,1
STU_3438,3.11,17,2,6,16-20K,1,0,2,1,0,Transitional,2,2026,1,843,18000,3,1,3,1
STU_3439,3.11,9,2,6,Below 10k,0,0,0,1,0,Transitional,4,2026,2,902,8000,3,1,1,1
STU_3440,3.44,22,3,8,10-15K,0,0,1,1,0,Transitional,3,2026,1,879,12500,3,2,2,0
STU_3441,3.11,22,3,8,16-20K,1,0,2,1,1,Transitional,3,2026,1,865,18000,3,1,3,1
STU_3442,3.39,1,4,13,10-15K,0,0,1,1,0,Transitional,6,2026,2,969,12500,3,1,2,1
STU_3443,3.17,19,6,10,10-15K,1,0,1,1,0,Transitional,6,2026,2,945,12500,3,1,2,1
STU_3444,3.62,13,5,9,16-20K,0,0,2,2,0,Transitional,3,2026,1,859,18000,3,2,4,1
STU_3445,3.47,20,1,18,Below 10k,0,0,0,1,0,Transitional,6,2026,2,953,8000,3,2,1,0
STU_3446,2.88,21,0,2,10-15K,0,0,1,1,0,Transitional,6,2026,2,953,12500,3,0,2,0
STU_3447,3.45,16,6,3,16-20K,0,0,2,1,0,Transitional,2,2026,1,846,18000,3,2,3,0
STU_3448,3.17,7,3,8,10-15K,1,0,1,1,0,Transitional,4,2026,2,889,12500,3,1,2,1
STU_3449,3.34,6,1,17,10-15K,1,0,1,1,0,Transitional,4,2026,2,884,12500,3,1,2,1
STU_3450,3.23,12,3,8,16-20K,1,0,2,1,1,Transitional,5,2026,2,942,18000,3,1,3,1
STU_3451,3.17,9,2,6,Below 10k,1,0,0,1,0,Transitional,6,2026,2,961,8000,3,1,1,1
STU_3452,3.27,13,0,5,Below 10k,1,0,0,1,0,Transitional,3,2026,1,851,8000,3,1,1,1
STU_3453,3.29,12,3,8,10-15K,0,0,1,1,0,Transitional,5,2026,2,937,12500,3,1,2,1
STU_3454,3.37,19,6,1,Below 10k,1,0,0,1,0,Transitional,5,2026,2,931,8000,3,1,1,1
STU_3455,3.57,0,7,0,Below 10k,1,0,0,2,0,Transitional,5,2026,2,930,8000,3,2,2,1
STU_3456,2.85,1,4,13,10-15K,0,0,1,1,1,Transitional,6,2026,2,950,12500,3,0,2,0
STU_3457,3.36,12,3,8,10-15K,1,0,1,1,0,Transitional,5,2026,2,913,12500,3,1,2,1
STU_3458,3.34,12,3,8,10-15K,0,0,1,1,0,Transitional,3,2026,1,873,12500,3,1,2,1
STU_3459,3.19,20,1,17,Below 10k,0,0,0,1,0,Transitional,6,2026,2,960,8000,3,1,1,1
STU_3460,3.25,17,2,6,Below 10k,0,0,0,1,0,Transitional,3,2026,1,881,8000,3,1,1,1
STU_3461,3.1,0,7,0,Below 10k,0,0,0,1,0,Transitional,2,2026,1,847,8000,3,1,1,1
STU_3462,3.39,7,7,0,10-15K,1,0,1,1,0,Transitional,3,2026,1,866,12500,3,1,2,1
STU_3463,3.65,16,6,3,Below 10k,0,0,0,2,0,Transitional,2,2026,1,827,8000,3,2,2,1
STU_3464,3.4,16,4,13,Below 10k,1,0,0,1,0,Transitional,4,2026,2,900,8000,3,2,1,0
STU_3465,3.32,13,0,16,Below 10k,0,0,0,1,0,Transitional,2,2026,1,845,8000,3,1,1,1
STU_3466,3.36,11,5,9,Below 10k,1,0,0,1,0,Transitional,4,2026,2,892,8000,3,1,1,1
STU_3467,3.08,16,4,13,Below 10k,0,0,0,1,0,Transitional,5,2026,2,928,8000,3,1,1,1
STU_3468,3.46,15,6,3,10-15K,0,0,1,1,0,Transitional,2,2026,1,826,12500,3,2,2,0
STU_3469,3.4,4,4,13,Below 10k,1,0,0,1,0,Transitional,3,2026,1,862,8000,3,2,1,0
STU_3470,3.46,16,6,3,Below 10k,1,0,0,1,0,Transitional,3,2026,1,878,8000,3,2,1,0
STU_3471,3.34,13,0,16,10-15K,1,0,1,1,0,Transitional,4,2026,2,895,12500,3,1,2,1
STU_3472,3.13,14,4,13,10-15K,1,0,1,1,1,Transitional,4,2026,2,902,12500,3,1,2,1
STU_3473,3.48,0,7,0,10-15K,0,0,1,1,0,Transitional,5,2026,2,931,12500,3,2,2,0
STU_3474,3.02,6,1,17,Below 10k,0,0,0,1,0,Transitional,6,2026,2,953,8000,3,1,1,1
STU_3475,2.73,12,6,14,Below 10k,1,0,0,1,0,Transitional,2,2026,1,848,8000,3,0,1,0
STU_3476,3.44,7,1,18,10-15K,0,0,1,1,0,Transitional,4,2026,2,891,12500,3,2,2,0
STU_3477,3.44,14,4,13,10-15K,1,0,1,1,0,Transitional,5,2026,2,927,12500,3,2,2,0
STU_3478,3.33,10,2,6,16-20K,0,0,2,1,1,Transitional,2,2026,1,831,18000,3,1,3,1
STU_3479,3.37,7,3,8,Below 10k,1,0,0,1,0,Transitional,2,2026,1,825,8000,3,1,1,1
STU_3480,3.44,13,5,9,16-20K,1,0,2,1,1,Transitional,6,2026,2,966,18000,3,2,3,0
STU_3481,3.21,12,3,8,16-20K,1,0,2,1,1,Transitional,6,2026,2,953,18000,3,1,3,1
STU_3482,2.06,2,5,9,10-15K,1,0,1,0,0,Transitional,5,2026,2,926,12500,3,0,1,1
STU_3483,3.11,15,6,14,Below 10k,1,0,0,1,0,Transitional,4,2026,2,892,8000,3,1,1,1
STU_3484,2.03,17,2,6,Below 10k,1,0,0,0,0,Transitional,6,2026,2,946,8000,3,0,0,1
STU_3485,2.64,22,3,8,10-15K,1,0,1,1,0,Transitional,3,2026,1,861,12500,3,0,2,0
STU_3486,3.47,6,6,12,10-15K,0,0,1,1,0,Transitional,6,2026,2,957,12500,3,2,2,0
STU_3487,3.31,4,4,13,10-15K,1,0,1,1,0,Transitional,5,2026,2,930,12500,3,1,2,1
STU_3488,3.85,7,7,0,16-20K,1,0,2,2,1,Transitional,6,2026,2,972,18000,3,2,4,1
STU_3489,3.44,6,1,11,10-15K,0,0,1,1,0,Transitional,5,2026,2,925,12500,3,2,2,0
STU_3490,3.6,17,2,6,Below 10k,0,0,0,2,0,Transitional,4,2026,2,884,8000,3,2,2,1
STU_3491,3.3,7,7,0,16-20K,1,0,2,1,1,Transitional,2,2026,1,828,18000,3,1,3,1
STU_3492,3.23,5,1,11,10-15K,1,0,1,1,1,Transitional,5,2026,2,938,12500,3,1,2,1
STU_3493,3.44,6,1,17,Below 10k,1,0,0,1,0,Transitional,3,2026,1,863,8000,3,2,1,0
STU_3494,3.23,5,3,8,Below 10k,0,0,0,1,0,Transitional,4,2026,2,884,8000,3,1,1,1
STU_3495,2.59,3,2,6,Below 10k,0,0,0,1,0,Transitional,3,2026,1,881,8000,3,0,1,0
STU_3496,3.33,6,1,18,Below 10k,1,0,0,1,0,Transitional,5,2026,2,926,8000,3,1,1,1
STU_3497,3.43,13,5,9,16-20K,1,0,2,1,0,Transitional,6,2026,2,960,18000,3,2,3,0
STU_3498,3.29,5,3,8,10-15K,0,0,1,1,0,Transitional,4,2026,2,911,12500,3,1,2,1
STU_3499,3.41,17,2,6,Below 10k,1,0,0,1,0,Transitional,4,2026,2,911,8000,3,2,1,0
STU_3500,3.22,5,0,15,10-15K,0,0,1,1,0,Transitional,4,2026,2,902,12500,3,1,2,1
STU_3501,3.15,7,7,0,10-15K,0,0,1,1,0,Transitional,5,2026,2,924,12500,3,1,2,1
STU_3502,3.32,9,2,6,Below 10k,1,0,0,1,0,Transitional,2,2026,1,824,8000,3,1,1,1
STU_3503,3.18,16,4,13,Below 10k,0,0,0,1,1,Transitional,6,2026,2,951,8000,3,1,1,1
STU_3504,2.88,10,2,6,Below 10k,0,0,0,1,0,Transitional,4,2026,2,897,8000,3,0,1,0
STU_3505,3.19,17,2,6,Below 10k,0,0,0,1,1,Transitional,4,2026,2,888,8000,3,1,1,1
STU_3506,3.14,13,5,9,Below 10k,1,0,0,1,0,Transitional,2,2026,1,839,8000,3,1,1,1
STU_3507,3.15,10,2,6,Below 10k,0,0,0,1,0,Transitional,6,2026,2,956,8000,3,1,1,1
STU_3508,2.57,5,0,5,Below 10k,1,0,0,1,0,Transitional,6,2026,2,963,8000,3,0,1,0
STU_3509,3.49,7,7,0,Below 10k,0,0,0,1,0,Transitional,6,2026,2,965,8000,3,2,1,0
STU_3510,3.49,19,6,14,Below 10k,0,0,0,1,0,Transitional,6,2026,2,968,8000,3,2,1,0
STU_3511,3.27,5,0,16,10-15K,1,0,1,1,1,Transitional,3,2026,1,862,12500,3,1,2,1
STU_3512,2.9,0,7,0,16-20K,0,0,2,1,0,Transitional,4,2026,2,903,18000,3,0,3,0
STU_3513,2.47,5,3,8,Below 10k,0,0,0,0,0,Transitional,6,2026,2,962,8000,3,0,0,1
STU_3514,3.09,8,7,0,10-15K,0,0,1,1,0,Transitional,5,2026,2,927,12500,3,1,2,1
STU_3515,3.3,16,6,14,Below 10k,1,0,0,1,0,Transitional,3,2026,1,866,8000,3,1,1,1
STU_3516,2.65,6,1,18,10-15K,0,0,1,1,0,Transitional,6,2026,2,962,12500,3,0,2,0
STU_3517,2.77,15,6,14,16-20K,1,0,2,1,0,Transitional,3,2026,1,851,18000,3,0,3,0
STU_3518,3.35,13,5,9,16-20K,0,0,2,1,0,Transitional,6,2026,2,969,18000,3,1,3,1
STU_3519,3.36,9,2,6,16-20K,1,0,2,1,0,Transitional,5,2026,2,913,18000,3,1,3,1
STU_3520,3.33,2,5,9,Below 10k,0,0,0,1,0,Transitional,3,2026,1,871,8000,3,1,1,1
STU_3521,3.13,9,2,6,16-20K,0,0,2,1,0,Transitional,4,2026,2,911,18000,3,1,3,1
STU_3522,3.27,22,3,8,Below 10k,1,0,0,1,0,Transitional,5,2026,2,928,8000,3,1,1,1
STU_3523,3.38,7,3,8,10-15K,1,0,1,1,0,Transitional,3,2026,1,853,12500,3,1,2,1
STU_3524,2.98,9,2,6,10-15K,0,0,1,1,0,Transitional,3,2026,1,872,12500,3,0,2,0
STU_3525,3.14,8,7,0,10-15K,1,0,1,1,0,Transitional,2,2026,1,844,12500,3,1,2,1
STU_3526,2.65,5,0,4,16-20K,0,0,2,1,0,Transitional,6,2026,2,954,18000,3,0,3,0
STU_3527,3.44,6,1,18,16-20K,0,0,2,1,0,Transitional,5,2026,2,921,18000,3,2,3,0
STU_3528,3.11,5,0,2,10-15K,0,0,1,1,0,Transitional,5,2026,2,921,12500,3,1,2,1
STU_3529,3.36,9,7,0,10-15K,1,0,1,1,0,Transitional,5,2026,2,919,12500,3,1,2,1
STU_3530,3.34,7,7,0,16-20K,1,0,2,1,0,Transitional,4,2026,2,910,18000,3,1,3,1
STU_3531,3.48,12,3,8,Below 10k,0,0,0,1,0,Transitional,6,2026,2,967,8000,3,2,1,0
STU_3532,3.34,9,7,0,10-15K,1,0,1,1,0,Transitional,2,2026,1,848,12500,3,1,2,1
STU_3533,2.53,0,7,0,10-15K,1,0,1,1,0,Transitional,6,2026,2,950,12500,3,0,2,0
STU_3534,3.23,7,1,18,10-15K,1,0,1,1,1,Transitional,3,2026,1,880,12500,3,1,2,1
STU_3535,3.31,16,4,13,Below 10k,0,0,0,1,0,Transitional,2,2026,1,827,8000,3,1,1,1
STU_3536,3.14,10,2,6,16-20K,0,0,2,1,0,Transitional,6,2026,2,969,18000,3,1,3,1
STU_3537,3.26,7,3,8,16-20K,0,0,2,1,0,Transitional,6,2026,2,962,18000,3,1,3,1
STU_3538,3.38,12,3,8,10-15K,0,0,1,1,0,Transitional,3,2026,1,866,12500,3,1,2,1
STU_3539,2.97,10,2,6,16-20K,0,0,2,1,0,Transitional,3,2026,1,870,18000,3,0,3,0
STU_3540,3.27,11,5,9,16-20K,0,0,2,1,0,Transitional,3,2026,1,878,18000,3,1,3,1
STU_3541,3.48,1,4,13,16-20K,0,0,2,1,0,Transitional,5,2026,2,941,18000,3,2,3,0
STU_3542,3.13,2,5,9,Below 10k,0,0,0,1,0,Transitional,5,2026,2,938,8000,3,1,1,1
STU_3543,3.22,19,6,1,Below 10k,1,0,0,1,0,Transitional,2,2026,1,825,8000,3,1,1,1
STU_3544,3.31,13,5,9,Below 10k,0,0,0,1,0,Transitional,2,2026,1,826,8000,3,1,1,1
STU_3545,3.3,9,2,6,16-20K,1,0,2,1,1,Transitional,6,2026,2,967,18000,3,1,3,1
STU_3546,3.42,15,6,12,Below 10k,1,0,0,1,0,Transitional,2,2026,1,850,8000,3,2,1,0
STU_3547,2.52,17,2,6,10-15K,0,0,1,1,1,Transitional,6,2026,2,961,12500,3,0,2,0
STU_3548,3.17,6,1,18,10-15K,0,0,1,1,0,Transitional,5,2026,2,941,12500,3,1,2,1
STU_3549,2.99,8,7,0,16-20K,0,0,2,1,0,Transitional,6,2026,2,955,18000,3,0,3,0
STU_3550,3.45,6,1,11,16-20K,1,0,2,1,1,Transitional,3,2026,1,860,18000,3,2,3,0
STU_3551,3.43,0,7,0,10-15K,0,0,1,1,0,Transitional,5,2026,2,939,12500,3,2,2,0
STU_3552,3.33,6,6,14,Below 10k,1,0,0,1,0,Transitional,5,2026,2,921,8000,3,1,1,1
STU_3553,3.4,7,7,0,10-15K,1,0,1,1,0,Transitional,4,2026,2,892,12500,3,2,2,0
STU_3554,3.41,7,3,8,Below 10k,1,0,0,1,0,Transitional,2,2026,1,828,8000,3,2,1,0
STU_3555,2.61,11,5,9,10-15K,0,0,1,1,0,Transitional,5,2026,2,912,12500,3,0,2,0
STU_3556,3.88,13,5,9,16-20K,0,0,2,2,0,Transitional,5,2026,2,941,18000,3,2,4,1
STU_3557,3.26,9,2,6,10-15K,0,0,1,1,0,Transitional,4,2026,2,902,12500,3,1,2,1
STU_3558,2.7,20,1,17,10-15K,0,0,1,1,0,Transitional,3,2026,1,855,12500,3,0,2,0
STU_3559,3.46,4,4,13,16-20K,1,0,2,1,1,Transitional,2,2026,1,830,18000,3,2,3,0
STU_3560,3.2,10,2,6,10-15K,1,0,1,1,0,Transitional,4,2026,2,894,12500,3,1,2,1
STU_3561,3.17,6,1,11,Below 10k,0,0,0,1,0,Transitional,3,2026,1,879,8000,3,1,1,1
STU_3562,2.69,5,3,8,Below 10k,1,0,0,1,0,Transitional,6,2026,2,960,8000,3,0,1,0
STU_3563,2.7,5,3,8,Below 10k,0,0,0,1,0,Transitional,6,2026,2,968,8000,3,0,1,0
STU_3564,3.36,20,1,17,16-20K,0,0,2,1,0,Transitional,4,2026,2,890,18000,3,1,3,1
STU_3565,3.72,21,0,15,10-15K,0,0,1,2,0,Transitional,4,2026,2,895,12500,3,2,3,1
STU_3566,3.18,16,6,14,Below 10k,1,0,0,1,0,Transitional,2,2026,1,844,8000,3,1,1,1
STU_3567,3.19,4,4,13,10-15K,1,0,1,1,0,Transitional,6,2026,2,958,12500,3,1,2,1
STU_3568,3.34,0,7,0,10-15K,1,0,1,1,0,Transitional,4,2026,2,893,12500,3,1,2,1
STU_3569,3.39,15,6,14,10-15K,0,0,1,1,0,Transitional,5,2026,2,940,12500,3,1,2,1
STU_3570,3.36,4,4,13,Below 10k,0,0,0,1,0,Transitional,4,2026,2,908,8000,3,1,1,1
STU_3571,3.33,13,0,4,Below 10k,1,0,0,1,0,Transitional,2,2026,1,826,8000,3,1,1,1
STU_3572,2.75,20,1,11,10-15K,0,0,1,1,0,Transitional,2,2026,1,850,12500,3,0,2,0
STU_3573,3.12,16,6,1,Below 10k,1,0,0,1,0,Transitional,4,2026,2,882,8000,3,1,1,1
STU_3574,3.12,11,5,9,16-20K,0,0,2,1,0,Transitional,3,2026,1,879,18000,3,1,3,1
STU_3575,3.19,11,5,9,10-15K,0,0,1,1,0,Transitional,4,2026,2,893,12500,3,1,2,1
STU_3576,3.3,5,1,18,16-20K,1,0,2,1,0,Transitional,4,2026,2,911,18000,3,1,3,1
STU_3577,3.34,1,4,13,10-15K,0,0,1,1,0,Transitional,2,2026,1,827,12500,3,1,2,1
STU_3578,3.27,0,7,0,10-15K,1,0,1,1,0,Transitional,3,2026,1,860,12500,3,1,2,1
STU_3579,3.14,19,6,3,Below 10k,1,0,0,1,0,Transitional,3,2026,1,863,8000,3,1,1,1
STU_3580,3.37,5,0,15,Below 10k,1,0,0,1,0,Transitional,2,2026,1,832,8000,3,1,1,1
STU_3581,2.58,6,1,18,16-20K,1,0,2,1,1,Transitional,5,2026,2,941,18000,3,0,3,0
STU_3582,3.08,16,6,1,10-15K,1,0,1,1,0,Transitional,5,2026,2,931,12500,3,1,2,1
STU_3583,2.51,2,5,9,10-15K,0,0,1,1,0,Transitional,2,2026,1,849,12500,3,0,2,0
STU_3584,2.92,15,6,10,10-15K,1,0,1,1,0,Transitional,3,2026,1,877,12500,3,0,2,0
STU_3585,3.16,7,3,8,16-20K,1,0,2,1,0,Transitional,4,2026,2,897,18000,3,1,3,1
STU_3586,3.33,0,1,18,16-20K,0,0,2,1,0,Transitional,2,2026,1,833,18000,3,1,3,1
STU_3587,3.81,3,2,6,Below 10k,1,0,0,2,0,Transitional,5,2026,2,912,8000,3,2,2,1
STU_3588,2.37,3,2,6,Below 10k,0,0,0,0,0,Transitional,4,2026,2,894,8000,3,0,0,1
STU_3589,3.28,16,4,13,10-15K,0,0,1,1,0,Transitional,3,2026,1,860,12500,3,1,2,1
STU_3590,2.92,8,7,0,Below 10k,1,0,0,1,0,Transitional,6,2026,2,952,8000,3,0,1,0
STU_3591,3.36,11,5,9,Below 10k,0,0,0,1,0,Transitional,4,2026,2,901,8000,3,1,1,1
STU_3592,2.87,17,2,6,16-20K,0,0,2,1,1,Transitional,6,2026,2,953,18000,3,0,3,0
STU_3593,3.46,12,6,14,Below 10k,1,0,0,1,0,Transitional,3,2026,1,866,8000,3,2,1,0
STU_3594,2.55,6,1,11,16-20K,0,0,2,1,0,Transitional,3,2026,1,876,18000,3,0,3,0
STU_3595,2.58,14,4,13,16-20K,0,0,2,1,1,Transitional,5,2026,2,921,18000,3,0,3,0
STU_3596,3.25,13,5,9,16-20K,0,0,2,1,0,Transitional,2,2026,1,828,18000,3,1,3,1
STU_3597,3.19,13,0,5,10-15K,0,0,1,1,0,Transitional,3,2026,1,853,12500,3,1,2,1
STU_3598,3.37,12,6,14,Below 10k,1,0,0,1,0,Transitional,5,2026,2,927,8000,3,1,1,1
STU_3599,3.38,5,0,4,16-20K,1,0,2,1,1,Transitional,3,2026,1,870,18000,3,1,3,1
STU_3600,3.42,5,0,4,Below 10k,0,0,0,1,0,Transitional,6,2026,2,955,8000,3,2,1,0
