Name,Result,Course,Country,Institution,Budget,Researched,Political_Phase,Budget_Level,Academic_Level,Continuation,Intake_Month,Intake_Year,Intake_Season,Days_Since_First_Intake,Budget_Midpoint,Phase_Number,Result_Band,Budget_Academic_Score,GPA_Academic_Match
STU_0001,2.8,9,2,6,10-15K,0,0,1,1,1,11,2024,4,104,12500,1,0,2,0
STU_0002,3.35,18,0,5,Below 10k,1,0,0,1,0,2,2025,1,197,8000,1,1,1,1
STU_0003,3.16,7,3,7,10-15K,1,0,1,1,0,11,2024,4,101,12500,1,1,2,1
STU_0004,3.76,19,6,13,16-20K,1,0,2,2,1,8,2024,3,12,18000,1,2,4,1
STU_0005,3.24,5,1,17,Below 10k,0,0,0,1,0,2,2025,1,184,8000,1,1,1,1
STU_0006,3.18,13,0,14,Below 10k,0,0,0,1,0,11,2024,4,106,8000,1,1,1,1
STU_0007,3.29,5,0,14,16-20K,1,0,2,1,1,3,2025,1,224,18000,1,1,3,1
STU_0008,3.3,5,0,15,10-15K,1,0,1,1,0,1,2025,1,153,12500,1,1,2,1
STU_0009,2.64,15,6,11,Below 10k,1,0,0,1,0,9,2024,3,50,8000,1,0,1,0
STU_0010,3.03,19,6,13,10-15K,1,0,1,1,0,10,2024,4,69,12500,1,1,2,1
STU_0011,3.48,16,4,12,Below 10k,0,0,0,1,0,5,2025,2,278,8000,1,2,1,0
STU_0012,2.86,5,3,7,16-20K,0,0,2,1,0,3,2025,1,209,18000,1,0,3,0
STU_0013,3.44,9,2,6,10-15K,1,0,1,1,0,4,2025,2,264,12500,1,2,2,0
STU_0014,3.42,2,5,8,10-15K,0,0,1,1,0,4,2025,2,251,12500,1,2,2,0
STU_0015,3.39,5,1,10,Below 10k,1,0,0,1,0,12,2024,4,129,8000,1,1,1,1
STU_0016,2.78,4,4,12,10-15K,1,0,1,1,0,5,2025,2,294,12500,1,0,2,0
STU_0017,2.89,4,4,12,Below 10k,0,0,0,1,0,3,2025,1,209,8000,1,0,1,0
STU_0018,3.38,22,3,7,10-15K,0,0,1,1,0,2,2025,1,193,12500,1,1,2,1
STU_0019,2.75,22,3,7,10-15K,1,0,1,1,0,8,2024,3,18,12500,1,0,2,0
STU_0020,3.69,1,4,12,Below 10k,0,0,0,2,0,5,2025,2,282,8000,1,2,2,1
STU_0021,2.96,9,0,5,10-15K,1,0,1,1,0,12,2024,4,134,12500,1,0,2,0
STU_0022,3.25,15,6,3,Below 10k,0,0,0,1,1,1,2025,1,174,8000,1,1,1,1
STU_0023,3.17,16,4,12,10-15K,1,0,1,1,0,6,2025,2,308,12500,1,1,2,1
STU_0024,2.93,11,5,8,10-15K,0,0,1,1,0,3,2025,1,225,12500,1,0,2,0
STU_0025,3.25,5,3,7,10-15K,1,0,1,1,0,4,2025,2,264,12500,1,1,2,1
STU_0026,3.07,14,4,12,16-20K,0,0,2,1,0,2,2025,1,202,18000,1,1,3,1
STU_0027,3.18,13,5,8,16-20K,0,0,2,1,0,11,2024,4,103,18000,1,1,3,1
STU_0028,3.3,11,5,8,Below 10k,1,0,0,1,0,6,2025,2,323,8000,1,1,1,1
STU_0029,2.62,13,5,8,10-15K,0,0,1,1,0,5,2025,2,268,12500,1,0,2,0
STU_0030,2.71,13,5,8,Below 10k,0,0,0,1,0,2,2025,1,204,8000,1,0,1,0
STU_0031,3.47,0,7,0,10-15K,0,0,1,1,0,12,2024,4,127,12500,1,2,2,0
STU_0032,3.37,10,7,0,10-15K,0,0,1,1,0,4,2025,2,252,12500,1,1,2,1
STU_0033,3.35,20,1,10,10-15K,0,0,1,1,0,2,2025,1,187,12500,1,1,2,1
STU_0034,3.46,5,0,15,Below 10k,1,0,0,1,0,10,2024,4,58,8000,1,2,1,0
STU_0035,3.32,10,7,0,Below 10k,1,0,0,1,0,2,2025,1,197,8000,1,1,1,1
STU_0036,3.26,9,0,4,Below 10k,1,0,0,1,0,2,2025,1,204,8000,1,1,1,1
STU_0037,3.45,5,3,7,Below 10k,0,0,0,1,1,1,2025,1,172,8000,1,2,1,0
STU_0038,3.31,5,0,2,10-15K,1,0,1,1,0,12,2024,4,122,12500,1,1,2,1
STU_0039,2.89,12,3,7,16-20K,0,0,2,1,0,6,2025,2,308,18000,1,0,3,0
STU_0040,3.26,5,0,15,10-15K,1,0,1,1,0,3,2025,1,225,12500,1,1,2,1
STU_0041,3.28,7,7,0,Below 10k,0,0,0,1,0,10,2024,4,55,8000,1,1,1,1
STU_0042,2.79,5,0,2,16-20K,1,0,2,1,1,5,2025,2,268,18000,1,0,3,0
STU_0043,3.3,13,5,8,Below 10k,1,0,0,1,0,3,2025,1,233,8000,1,1,1,1
STU_0044,3.16,16,4,12,10-15K,1,0,1,1,0,2,2025,1,186,12500,1,1,2,1
STU_0045,3.45,14,4,12,10-15K,1,0,1,1,0,10,2024,4,76,12500,1,2,2,0
STU_0046,2.98,10,2,6,10-15K,1,0,1,1,0,1,2025,1,157,12500,1,0,2,0
STU_0047,3.45,4,4,12,Below 10k,1,0,0,1,0,11,2024,4,98,8000,1,2,1,0
STU_0048,2.91,1,4,12,16-20K,1,0,2,1,1,8,2024,3,0,18000,1,0,3,0
STU_0049,2.63,10,7,0,16-20K,1,0,2,1,1,5,2025,2,294,18000,1,0,3,0
STU_0050,2.62,2,5,8,16-20K,1,0,2,1,1,6,2025,2,303,18000,1,0,3,0
STU_0051,3.23,9,2,6,10-15K,0,0,1,1,0,9,2024,3,46,12500,1,1,2,1
STU_0052,3.46,5,0,2,16-20K,0,0,2,1,0,2,2025,1,186,18000,1,2,3,0
STU_0053,3.4,2,5,8,Below 10k,1,0,0,1,0,10,2024,4,68,8000,1,2,1,0
STU_0054,3.41,13,5,8,16-20K,0,0,2,1,0,10,2024,4,61,18000,1,2,3,0
STU_0055,3.29,15,6,9,Below 10k,0,0,0,1,0,4,2025,2,264,8000,1,1,1,1
STU_0056,3.11,9,0,4,10-15K,1,0,1,1,0,5,2025,2,267,12500,1,1,2,1
STU_0057,2.73,10,2,6,16-20K,1,0,2,1,1,12,2024,4,122,18000,1,0,3,0
STU_0058,3.02,16,6,11,10-15K,1,0,1,1,0,11,2024,4,95,12500,1,1,2,1
STU_0059,3.69,7,3,7,16-20K,1,0,2,2,1,8,2024,3,9,18000,1,2,4,1
STU_0060,3.36,2,5,8,16-20K,0,0,2,1,0,4,2025,2,256,18000,1,1,3,1
STU_0061,3.38,13,5,8,Below 10k,0,0,0,1,0,5,2025,2,273,8000,1,1,1,1
STU_0062,3.95,12,6,13,10-15K,0,0,1,2,0,5,2025,2,294,12500,1,2,3,1
STU_0063,3.8,10,7,0,16-20K,1,0,2,2,1,4,2025,2,242,18000,1,2,4,1
STU_0064,3.74,12,3,7,10-15K,1,0,1,2,1,3,2025,1,215,12500,1,2,3,1
STU_0065,3.48,16,4,12,Below 10k,1,0,0,1,0,12,2024,4,144,8000,1,2,1,0
STU_0066,3.44,7,1,16,16-20K,1,0,2,1,1,2,2025,1,204,18000,1,2,3,0
STU_0067,3.19,20,1,10,Below 10k,1,0,0,1,0,10,2024,4,75,8000,1,1,1,1
STU_0068,3.79,14,4,12,Below 10k,1,0,0,2,0,8,2024,3,11,8000,1,2,2,1
STU_0069,3.28,3,2,6,Below 10k,1,0,0,1,0,1,2025,1,151,8000,1,1,1,1
STU_0070,3.13,6,1,17,16-20K,1,0,2,1,1,9,2024,3,53,18000,1,1,3,1
STU_0071,3.32,15,6,13,Below 10k,0,0,0,1,0,4,2025,2,247,8000,1,1,1,1
STU_0072,3.16,16,6,9,10-15K,0,0,1,1,1,12,2024,4,144,12500,1,1,2,1
STU_0073,3.48,6,6,9,Below 10k,0,0,0,1,0,10,2024,4,73,8000,1,2,1,0
STU_0074,2.85,8,7,0,Below 10k,1,0,0,1,0,3,2025,1,214,8000,1,0,1,0
STU_0075,2.75,5,1,17,10-15K,1,0,1,1,0,1,2025,1,153,12500,1,0,2,0
STU_0076,3.24,7,3,7,Below 10k,0,0,0,1,0,12,2024,4,130,8000,1,1,1,1
STU_0077,3.45,19,6,13,10-15K,1,0,1,1,0,11,2024,4,100,12500,1,2,2,0
STU_0078,3.16,5,1,17,16-20K,1,0,2,1,1,4,2025,2,263,18000,1,1,3,1
STU_0079,3.17,16,4,12,10-15K,1,0,1,1,0,12,2024,4,130,12500,1,1,2,1
STU_0080,3.29,0,7,0,Below 10k,0,0,0,1,0,9,2024,3,53,8000,1,1,1,1
STU_0081,3.12,17,2,6,16-20K,1,0,2,1,1,12,2024,4,128,18000,1,1,3,1
STU_0082,3.34,10,7,0,10-15K,0,0,1,1,0,5,2025,2,268,12500,1,1,2,1
STU_0083,2.86,5,1,10,16-20K,0,0,2,1,1,2,2025,1,195,18000,1,0,3,0
STU_0084,3.17,11,5,8,16-20K,0,0,2,1,0,1,2025,1,149,18000,1,1,3,1
STU_0085,3.25,12,3,7,10-15K,0,0,1,1,0,1,2025,1,166,12500,1,1,2,1
STU_0086,3.46,14,4,12,16-20K,0,0,2,1,0,8,2024,3,11,18000,1,2,3,0
STU_0087,2.83,10,7,0,16-20K,1,0,2,1,1,5,2025,2,272,18000,1,0,3,0
STU_0088,2.03,8,7,0,Below 10k,0,0,0,0,1,12,2024,4,122,8000,1,0,0,1
STU_0089,3.18,7,7,0,16-20K,1,0,2,1,1,11,2024,4,106,18000,1,1,3,1
STU_0090,2.99,2,5,8,10-15K,1,0,1,1,0,1,2025,1,152,12500,1,0,2,0
STU_0091,3.37,1,4,12,16-20K,1,0,2,1,1,1,2025,1,170,18000,1,1,3,1
STU_0092,3.22,7,3,7,10-15K,0,0,1,1,0,11,2024,4,91,12500,1,1,2,1
STU_0093,3.26,16,4,12,16-20K,1,0,2,1,1,8,2024,3,18,18000,1,1,3,1
STU_0094,3.26,14,4,12,10-15K,0,0,1,1,0,1,2025,1,164,12500,1,1,2,1
STU_0095,3.48,7,7,0,16-20K,1,0,2,1,1,5,2025,2,289,18000,1,2,3,0
STU_0096,3.25,4,4,12,Below 10k,1,0,0,1,0,4,2025,2,245,8000,1,1,1,1
STU_0097,3.36,3,2,6,10-15K,0,0,1,1,0,11,2024,4,90,12500,1,1,2,1
STU_0098,3.9,9,2,6,10-15K,1,0,1,2,1,9,2024,3,37,12500,1,2,3,1
STU_0099,3.12,4,4,12,10-15K,1,0,1,1,0,3,2025,1,206,12500,1,1,2,1
STU_0100,3.41,2,5,8,Below 10k,1,0,0,1,0,8,2024,3,21,8000,1,2,1,0
STU_0101,3.0,7,7,0,16-20K,1,0,2,1,1,6,2025,2,323,18000,1,1,3,1
STU_0102,2.77,3,2,6,Below 10k,1,0,0,1,0,2,2025,1,202,8000,1,0,1,0
STU_0103,3.21,3,2,6,10-15K,1,0,1,1,0,3,2025,1,217,12500,1,1,2,1
STU_0104,3.11,13,5,8,10-15K,1,0,1,1,0,4,2025,2,262,12500,1,1,2,1
STU_0105,3.12,7,7,0,16-20K,1,0,2,1,1,1,2025,1,160,18000,1,1,3,1
STU_0106,2.84,15,6,3,16-20K,1,0,2,1,1,1,2025,1,171,18000,1,0,3,0
STU_0107,3.44,1,4,12,16-20K,0,0,2,1,0,1,2025,1,171,18000,1,2,3,0
STU_0108,3.03,7,7,0,10-15K,1,0,1,1,0,2,2025,1,190,12500,1,1,2,1
STU_0109,2.61,22,3,7,10-15K,0,0,1,1,0,3,2025,1,206,12500,1,0,2,0
STU_0110,3.33,10,7,0,Below 10k,0,0,0,1,0,6,2025,2,304,8000,1,1,1,1
STU_0111,3.22,11,5,8,10-15K,1,0,1,1,0,10,2024,4,57,12500,1,1,2,1
STU_0112,3.37,14,4,12,Below 10k,1,0,0,1,0,3,2025,1,215,8000,1,1,1,1
STU_0113,3.33,7,7,0,10-15K,0,0,1,1,0,10,2024,4,83,12500,1,1,2,1
STU_0114,3.45,7,3,7,10-15K,1,0,1,1,0,5,2025,2,269,12500,1,2,2,0
STU_0115,2.57,14,4,12,10-15K,1,0,1,1,0,11,2024,4,90,12500,1,0,2,0
STU_0116,3.26,14,4,12,10-15K,0,0,1,1,1,5,2025,2,270,12500,1,1,2,1
STU_0117,3.45,9,0,4,10-15K,1,0,1,1,0,11,2024,4,103,12500,1,2,2,0
STU_0118,3.15,5,0,4,16-20K,0,0,2,1,0,8,2024,3,0,18000,1,1,3,1
STU_0119,3.14,6,6,13,16-20K,0,0,2,1,0,4,2025,2,241,18000,1,1,3,1
STU_0120,3.4,0,7,0,16-20K,0,0,2,1,0,6,2025,2,307,18000,1,2,3,0
STU_0121,2.52,22,3,7,10-15K,0,0,1,1,0,2,2025,1,198,12500,1,0,2,0
STU_0122,3.27,20,1,10,Below 10k,1,0,0,1,0,9,2024,3,30,8000,1,1,1,1
STU_0123,3.73,5,3,7,10-15K,1,0,1,2,1,11,2024,4,107,12500,1,2,3,1
STU_0124,3.41,7,1,17,16-20K,1,0,2,1,1,1,2025,1,176,18000,1,2,3,0
STU_0125,3.18,5,1,10,Below 10k,1,0,0,1,0,4,2025,2,245,8000,1,1,1,1
STU_0126,2.76,6,6,1,16-20K,0,0,2,1,0,8,2024,3,21,18000,1,0,3,0
STU_0127,3.03,7,1,16,16-20K,1,0,2,1,1,5,2025,2,289,18000,1,1,3,1
STU_0128,3.32,12,3,7,Below 10k,1,0,0,1,0,5,2025,2,283,8000,1,1,1,1
STU_0129,3.47,16,6,9,16-20K,1,0,2,1,1,6,2025,2,300,18000,1,2,3,0
STU_0130,3.15,5,0,5,16-20K,0,0,2,1,0,1,2025,1,172,18000,1,1,3,1
STU_0131,3.18,11,5,8,Below 10k,0,0,0,1,0,1,2025,1,173,8000,1,1,1,1
STU_0132,3.41,9,0,15,16-20K,0,0,2,1,0,3,2025,1,214,18000,1,2,3,0
STU_0133,3.14,22,3,7,16-20K,1,0,2,1,1,4,2025,2,244,18000,1,1,3,1
STU_0134,3.32,21,0,5,10-15K,1,0,1,1,0,6,2025,2,298,12500,1,1,2,1
STU_0135,3.13,9,7,0,Below 10k,1,0,0,1,0,12,2024,4,144,8000,1,1,1,1
STU_0136,3.26,3,2,6,16-20K,0,0,2,1,0,2,2025,1,204,18000,1,1,3,1
STU_0137,2.72,0,7,0,10-15K,0,0,1,1,0,11,2024,4,113,12500,1,0,2,0
STU_0138,2.51,20,1,16,16-20K,0,0,2,1,0,8,2024,3,4,18000,1,0,3,0
STU_0139,3.31,4,4,12,Below 10k,1,0,0,1,0,6,2025,2,321,8000,1,1,1,1
STU_0140,3.14,7,3,7,10-15K,1,0,1,1,0,4,2025,2,242,12500,1,1,2,1
STU_0141,3.48,13,5,8,Below 10k,0,0,0,1,0,6,2025,2,312,8000,1,2,1,0
STU_0142,3.14,9,2,6,10-15K,1,0,1,1,0,1,2025,1,157,12500,1,1,2,1
STU_0143,3.91,12,6,9,Below 10k,1,0,0,2,0,2,2025,1,204,8000,1,2,2,1
STU_0144,3.4,10,7,0,Below 10k,0,0,0,1,0,6,2025,2,299,8000,1,2,1,0
STU_0145,3.0,7,3,7,10-15K,1,0,1,1,0,10,2024,4,62,12500,1,1,2,1
STU_0146,3.47,10,7,0,16-20K,1,0,2,1,0,3,2025,1,216,18000,1,2,3,0
STU_0147,2.58,7,3,7,10-15K,0,0,1,1,0,8,2024,3,22,12500,1,0,2,0
STU_0148,3.23,21,0,15,Below 10k,0,0,0,1,0,8,2024,3,20,8000,1,1,1,1
STU_0149,3.14,11,5,8,Below 10k,1,0,0,1,0,3,2025,1,224,8000,1,1,1,1
STU_0150,3.14,0,1,16,10-15K,1,0,1,1,0,1,2025,1,163,12500,1,1,2,1
STU_0151,3.61,3,2,6,10-15K,1,0,1,2,1,4,2025,2,236,12500,1,2,3,1
STU_0152,3.13,11,5,8,16-20K,0,0,2,1,0,8,2024,3,2,18000,1,1,3,1
STU_0153,3.33,5,1,16,10-15K,1,0,1,1,0,12,2024,4,127,12500,1,1,2,1
STU_0154,3.35,6,6,3,10-15K,0,0,1,1,1,8,2024,3,22,12500,1,1,2,1
STU_0155,3.4,8,7,0,Below 10k,1,0,0,1,0,12,2024,4,115,8000,1,2,1,0
STU_0156,3.58,5,3,7,Below 10k,1,0,0,2,0,4,2025,2,262,8000,1,2,2,1
STU_0157,3.19,19,6,13,10-15K,0,0,1,1,0,10,2024,4,68,12500,1,1,2,1
STU_0158,2.19,9,2,6,16-20K,0,0,2,0,0,12,2024,4,125,18000,1,0,2,1
STU_0159,3.07,0,7,0,10-15K,0,0,1,1,0,9,2024,3,53,12500,1,1,2,1
STU_0160,3.27,9,2,6,10-15K,1,0,1,1,0,4,2025,2,237,12500,1,1,2,1
STU_0161,3.32,13,5,8,10-15K,0,0,1,1,0,10,2024,4,83,12500,1,1,2,1
STU_0162,2.97,12,3,7,Below 10k,0,0,0,1,0,10,2024,4,79,8000,1,0,1,0
STU_0163,3.31,10,2,6,10-15K,1,0,1,1,0,3,2025,1,221,12500,1,1,2,1
STU_0164,3.18,14,4,12,10-15K,1,0,1,1,0,12,2024,4,131,12500,1,1,2,1
STU_0165,2.78,20,1,17,Below 10k,1,0,0,1,0,6,2025,2,308,8000,1,0,1,0
STU_0166,3.39,12,3,7,10-15K,1,0,1,1,0,10,2024,4,73,12500,1,1,2,1
STU_0167,3.03,10,2,6,16-20K,0,0,2,1,0,9,2024,3,49,18000,1,1,3,1
STU_0168,3.21,5,3,7,16-20K,0,0,2,1,0,6,2025,2,323,18000,1,1,3,1
STU_0169,2.63,8,7,0,Below 10k,1,0,0,1,0,4,2025,2,255,8000,1,0,1,0
STU_0170,2.61,1,4,12,16-20K,0,0,2,1,1,1,2025,1,149,18000,1,0,3,0
STU_0171,3.1,7,1,17,10-15K,1,0,1,1,0,11,2024,4,103,12500,1,1,2,1
STU_0172,3.22,13,5,8,10-15K,0,0,1,1,0,9,2024,3,39,12500,1,1,2,1
STU_0173,2.66,9,0,2,16-20K,0,0,2,1,0,9,2024,3,51,18000,1,0,3,0
STU_0174,3.2,13,5,8,16-20K,0,0,2,1,0,5,2025,2,292,18000,1,1,3,1
STU_0175,3.81,10,2,6,16-20K,0,0,2,2,0,5,2025,2,283,18000,1,2,4,1
STU_0176,3.37,5,0,5,16-20K,1,0,2,1,0,1,2025,1,164,18000,1,1,3,1
STU_0177,2.73,1,4,12,Below 10k,1,0,0,1,0,5,2025,2,288,8000,1,0,1,0
STU_0178,3.41,9,7,0,10-15K,1,0,1,1,0,11,2024,4,105,12500,1,2,2,0
STU_0179,2.56,15,6,1,10-15K,1,0,1,1,0,8,2024,3,4,12500,1,0,2,0
STU_0180,3.75,12,3,7,Below 10k,1,0,0,2,0,9,2024,3,30,8000,1,2,2,1
STU_0181,3.43,13,0,4,10-15K,1,0,1,1,0,3,2025,1,207,12500,1,2,2,0
STU_0182,3.24,7,3,7,Below 10k,0,0,0,1,0,6,2025,2,297,8000,1,1,1,1
STU_0183,3.41,10,2,6,16-20K,1,0,2,1,1,1,2025,1,154,18000,1,2,3,0
STU_0184,3.1,15,6,1,10-15K,0,0,1,1,1,5,2025,2,275,12500,1,1,2,1
STU_0185,3.65,21,0,14,16-20K,0,0,2,2,0,9,2024,3,51,18000,1,2,4,1
STU_0186,3.25,6,1,16,Below 10k,1,0,0,1,0,6,2025,2,302,8000,1,1,1,1
STU_0187,3.48,10,7,0,16-20K,0,0,2,1,0,9,2024,3,26,18000,1,2,3,0
STU_0188,2.21,16,6,1,Below 10k,0,0,0,0,0,3,2025,1,233,8000,1,0,0,1
STU_0189,3.21,7,3,7,16-20K,1,0,2,1,1,12,2024,4,132,18000,1,1,3,1
STU_0190,3.14,7,1,16,Below 10k,1,0,0,1,0,6,2025,2,308,8000,1,1,1,1
STU_0191,3.3,17,2,6,10-15K,0,0,1,1,0,2,2025,1,184,12500,1,1,2,1
STU_0192,3.22,5,1,10,16-20K,0,0,2,1,0,12,2024,4,142,18000,1,1,3,1
STU_0193,3.19,13,5,8,16-20K,0,0,2,1,0,1,2025,1,146,18000,1,1,3,1
STU_0194,3.2,16,6,1,10-15K,0,0,1,1,0,8,2024,3,19,12500,1,1,2,1
STU_0195,3.26,7,7,0,16-20K,1,0,2,1,1,3,2025,1,233,18000,1,1,3,1
STU_0196,3.19,3,2,6,10-15K,0,0,1,1,0,3,2025,1,228,12500,1,1,2,1
STU_0197,3.15,12,3,7,10-15K,0,0,1,1,0,11,2024,4,87,12500,1,1,2,1
STU_0198,3.28,18,0,15,10-15K,0,0,1,1,0,1,2025,1,155,12500,1,1,2,1
STU_0199,3.4,9,7,0,Below 10k,0,0,0,1,1,4,2025,2,239,8000,1,2,1,0
STU_0200,2.55,13,5,8,Below 10k,1,0,0,1,0,9,2024,3,34,8000,1,0,1,0
STU_0201,3.37,1,4,12,10-15K,1,0,1,1,0,3,2025,1,206,12500,1,1,2,1
STU_0202,3.48,6,1,10,Below 10k,0,0,0,1,0,9,2024,3,31,8000,1,2,1,0
STU_0203,3.23,18,0,15,16-20K,0,0,2,1,0,1,2025,1,160,18000,1,1,3,1
STU_0204,3.29,4,4,12,16-20K,0,0,2,1,0,10,2024,4,66,18000,1,1,3,1
STU_0205,3.43,2,5,8,Below 10k,0,0,0,1,0,2,2025,1,193,8000,1,2,1,0
STU_0206,3.23,5,0,4,10-15K,1,0,1,1,0,12,2024,4,128,12500,1,1,2,1
STU_0207,3.02,16,6,13,16-20K,0,0,2,1,0,3,2025,1,218,18000,1,1,3,1
STU_0208,2.51,9,2,6,Below 10k,1,0,0,1,0,2,2025,1,201,8000,1,0,1,0
STU_0209,3.29,12,6,9,16-20K,1,0,2,1,1,9,2024,3,24,18000,1,1,3,1
STU_0210,3.24,4,4,12,10-15K,1,0,1,1,0,10,2024,4,59,12500,1,1,2,1
STU_0211,3.35,20,1,10,Below 10k,1,0,0,1,0,3,2025,1,214,8000,1,1,1,1
STU_0212,3.49,12,6,13,Below 10k,0,0,0,1,1,9,2024,3,48,8000,1,2,1,0
STU_0213,2.42,3,2,6,Below 10k,1,0,0,0,0,5,2025,2,275,8000,1,0,0,1
STU_0214,3.02,10,2,6,Below 10k,0,0,0,1,0,4,2025,2,256,8000,1,1,1,1
STU_0215,3.48,3,2,6,10-15K,0,0,1,1,0,2,2025,1,194,12500,1,2,2,0
STU_0216,3.14,0,1,10,Below 10k,1,0,0,1,0,2,2025,1,184,8000,1,1,1,1
STU_0217,3.24,22,3,7,Below 10k,1,0,0,1,0,5,2025,2,282,8000,1,1,1,1
STU_0218,3.44,8,7,0,Below 10k,0,0,0,1,0,8,2024,3,13,8000,1,2,1,0
STU_0219,3.48,10,7,0,16-20K,1,0,2,1,1,6,2025,2,298,18000,1,2,3,0
STU_0220,3.27,10,7,0,10-15K,1,0,1,1,0,4,2025,2,240,12500,1,1,2,1
STU_0221,3.44,22,3,7,10-15K,0,0,1,1,0,4,2025,2,251,12500,1,2,2,0
STU_0222,3.17,6,1,17,10-15K,1,0,1,1,0,1,2025,1,152,12500,1,1,2,1
STU_0223,2.99,20,1,10,Below 10k,0,0,0,1,0,8,2024,3,20,8000,1,0,1,0
STU_0224,3.73,16,6,11,10-15K,0,0,1,2,0,2,2025,1,198,12500,1,2,3,1
STU_0225,3.14,19,6,13,Below 10k,1,0,0,1,0,11,2024,4,95,8000,1,1,1,1
STU_0226,3.47,5,3,7,10-15K,1,0,1,1,0,4,2025,2,246,12500,1,2,2,0
STU_0227,3.47,13,5,8,Below 10k,0,0,0,1,0,1,2025,1,161,8000,1,2,1,0
STU_0228,3.93,22,3,7,10-15K,1,0,1,2,1,5,2025,2,274,12500,1,2,3,1
STU_0229,3.44,21,0,15,Below 10k,0,0,0,1,0,1,2025,1,161,8000,1,2,1,0
STU_0230,3.43,6,6,1,Below 10k,1,0,0,1,0,11,2024,4,114,8000,1,2,1,0
STU_0231,3.21,5,0,5,Below 10k,1,0,0,1,0,9,2024,3,36,8000,1,1,1,1
STU_0232,3.06,12,3,7,10-15K,0,0,1,1,0,3,2025,1,220,12500,1,1,2,1
STU_0233,3.46,20,1,10,Below 10k,1,0,0,1,0,6,2025,2,311,8000,1,2,1,0
STU_0234,3.26,13,0,4,16-20K,0,0,2,1,0,2,2025,1,181,18000,1,1,3,1
STU_0235,3.31,0,1,16,10-15K,1,0,1,1,0,6,2025,2,306,12500,1,1,2,1
STU_0236,3.21,9,7,0,10-15K,1,0,1,1,0,9,2024,3,38,12500,1,1,2,1
STU_0237,3.32,9,2,6,Below 10k,0,0,0,1,0,5,2025,2,277,8000,1,1,1,1
STU_0238,3.27,14,4,12,10-15K,0,0,1,1,0,11,2024,4,88,12500,1,1,2,1
STU_0239,3.02,0,1,17,16-20K,0,0,2,1,0,10,2024,4,82,18000,1,1,3,1
STU_0240,2.32,7,7,0,Below 10k,1,0,0,0,0,12,2024,4,131,8000,1,0,0,1
STU_0241,3.43,16,4,12,10-15K,1,0,1,1,0,4,2025,2,236,12500,1,2,2,0
STU_0242,2.52,6,6,11,16-20K,1,0,2,1,1,6,2025,2,303,18000,1,0,3,0
STU_0243,3.16,5,0,2,Below 10k,1,0,0,1,0,6,2025,2,316,8000,1,1,1,1
STU_0244,3.78,16,4,12,16-20K,0,0,2,2,0,9,2024,3,29,18000,1,2,4,1
STU_0245,3.2,6,6,13,10-15K,1,0,1,1,0,12,2024,4,139,12500,1,1,2,1
STU_0246,3.39,10,2,6,Below 10k,0,0,0,1,0,1,2025,1,160,8000,1,1,1,1
STU_0247,3.49,7,3,7,16-20K,0,0,2,1,0,5,2025,2,267,18000,1,2,3,0
STU_0248,3.85,0,7,0,Below 10k,0,0,0,2,0,3,2025,1,208,8000,1,2,2,1
STU_0249,3.4,0,7,0,10-15K,1,0,1,1,0,2,2025,1,192,12500,1,2,2,0
STU_0250,3.62,15,6,9,10-15K,1,0,1,2,1,11,2024,4,95,12500,1,2,3,1
STU_0251,3.12,11,5,8,16-20K,1,0,2,1,1,10,2024,4,82,18000,1,1,3,1
STU_0252,3.55,11,5,8,16-20K,1,0,2,2,1,10,2024,4,63,18000,1,2,4,1
STU_0253,2.55,7,3,7,10-15K,0,0,1,1,0,8,2024,3,20,12500,1,0,2,0
STU_0254,3.15,16,6,1,16-20K,0,0,2,1,0,5,2025,2,277,18000,1,1,3,1
STU_0255,3.32,17,2,6,Below 10k,0,0,0,1,0,4,2025,2,241,8000,1,1,1,1
STU_0256,2.64,6,6,9,10-15K,1,0,1,1,0,1,2025,1,148,12500,1,0,2,0
STU_0257,3.51,13,0,15,Below 10k,1,0,0,2,0,2,2025,1,204,8000,1,2,2,1
STU_0258,3.14,20,1,16,Below 10k,0,0,0,1,0,11,2024,4,90,8000,1,1,1,1
STU_0259,3.37,7,1,17,10-15K,1,0,1,1,0,3,2025,1,219,12500,1,1,2,1
STU_0260,3.72,2,5,8,10-15K,0,0,1,2,0,6,2025,2,308,12500,1,2,3,1
STU_0261,3.38,15,6,1,Below 10k,1,0,0,1,0,8,2024,3,14,8000,1,1,1,1
STU_0262,3.2,7,3,7,16-20K,1,0,2,1,1,5,2025,2,283,18000,1,1,3,1
STU_0263,3.28,16,4,12,Below 10k,0,0,0,1,0,10,2024,4,80,8000,1,1,1,1
STU_0264,2.77,5,1,16,10-15K,1,0,1,1,0,10,2024,4,59,12500,1,0,2,0
STU_0265,3.31,13,5,8,10-15K,0,0,1,1,0,6,2025,2,300,12500,1,1,2,1
STU_0266,3.23,15,6,3,Below 10k,1,0,0,1,0,5,2025,2,290,8000,1,1,1,1
STU_0267,3.19,12,6,3,10-15K,1,0,1,1,0,11,2024,4,105,12500,1,1,2,1
STU_0268,2.58,7,1,17,16-20K,0,0,2,1,0,12,2024,4,120,18000,1,0,3,0
STU_0269,3.16,8,7,0,10-15K,1,0,1,1,0,12,2024,4,125,12500,1,1,2,1
STU_0270,3.22,13,5,8,16-20K,0,0,2,1,0,12,2024,4,126,18000,1,1,3,1
STU_0271,3.12,12,6,1,10-15K,0,0,1,1,0,1,2025,1,150,12500,1,1,2,1
STU_0272,3.14,13,5,8,10-15K,1,0,1,1,0,10,2024,4,66,12500,1,1,2,1
STU_0273,2.55,9,0,14,Below 10k,0,0,0,1,0,9,2024,3,49,8000,1,0,1,0
STU_0274,3.14,22,3,7,16-20K,1,0,2,1,0,9,2024,3,45,18000,1,1,3,1
STU_0275,3.22,10,7,0,Below 10k,1,0,0,1,0,10,2024,4,72,8000,1,1,1,1
STU_0276,3.16,16,6,1,16-20K,0,0,2,1,0,3,2025,1,214,18000,1,1,3,1
STU_0277,3.14,2,5,8,Below 10k,1,0,0,1,0,8,2024,3,3,8000,1,1,1,1
STU_0278,3.39,7,1,16,16-20K,1,0,2,1,1,9,2024,3,27,18000,1,1,3,1
STU_0279,2.68,12,6,1,16-20K,0,0,2,1,0,4,2025,2,253,18000,1,0,3,0
STU_0280,3.38,13,5,8,Below 10k,1,0,0,1,0,8,2024,3,6,8000,1,1,1,1
STU_0281,3.19,21,0,5,Below 10k,1,0,0,1,0,2,2025,1,179,8000,1,1,1,1
STU_0282,3.46,16,4,12,Below 10k,0,0,0,1,0,3,2025,1,227,8000,1,2,1,0
STU_0283,2.38,5,0,2,16-20K,1,0,2,0,1,3,2025,1,227,18000,1,0,2,1
STU_0284,3.39,8,7,0,Below 10k,0,0,0,1,0,10,2024,4,66,8000,1,1,1,1
STU_0285,3.21,20,1,10,16-20K,1,0,2,1,1,5,2025,2,293,18000,1,1,3,1
STU_0286,3.26,12,6,3,10-15K,1,0,1,1,0,1,2025,1,164,12500,1,1,2,1
STU_0287,2.69,20,1,17,16-20K,0,0,2,1,0,12,2024,4,131,18000,1,0,3,0
STU_0288,3.8,0,7,0,10-15K,0,0,1,2,1,9,2024,3,41,12500,1,2,3,1
STU_0289,3.15,0,7,0,10-15K,1,0,1,1,0,6,2025,2,304,12500,1,1,2,1
STU_0290,3.4,0,1,17,Below 10k,0,0,0,1,0,1,2025,1,173,8000,1,2,1,0
STU_0291,3.33,10,7,0,16-20K,1,0,2,1,1,5,2025,2,275,18000,1,1,3,1
STU_0292,3.09,20,1,17,16-20K,0,0,2,1,0,8,2024,3,4,18000,1,1,3,1
STU_0293,3.12,6,6,11,Below 10k,0,0,0,1,0,11,2024,4,103,8000,1,1,1,1
STU_0294,3.64,11,5,8,10-15K,0,0,1,2,0,4,2025,2,264,12500,1,2,3,1
STU_0295,3.17,6,6,9,10-15K,0,0,1,1,0,1,2025,1,149,12500,1,1,2,1
STU_0296,3.25,5,3,7,16-20K,1,0,2,1,1,6,2025,2,299,18000,1,1,3,1
STU_0297,3.34,6,6,3,Below 10k,1,0,0,1,0,8,2024,3,14,8000,1,1,1,1
STU_0298,3.33,7,3,7,16-20K,1,0,2,1,1,2,2025,1,180,18000,1,1,3,1
STU_0299,3.45,21,0,14,16-20K,1,0,2,1,1,8,2024,3,22,18000,1,2,3,0
STU_0300,3.47,12,6,3,Below 10k,0,0,0,1,0,2,2025,1,198,8000,1,2,1,0
STU_0301,2.55,2,5,8,16-20K,0,0,2,1,0,12,2024,4,140,18000,1,0,3,0
STU_0302,3.24,11,5,8,16-20K,0,0,2,1,0,5,2025,2,296,18000,1,1,3,1
STU_0303,3.62,17,2,6,Below 10k,1,0,0,2,0,5,2025,2,276,8000,1,2,2,1
STU_0304,3.1,19,6,1,10-15K,0,0,1,1,0,5,2025,2,283,12500,1,1,2,1
STU_0305,3.25,21,0,14,10-15K,0,0,1,1,0,11,2024,4,92,12500,1,1,2,1
STU_0306,3.22,11,5,8,16-20K,1,0,2,1,1,4,2025,2,243,18000,1,1,3,1
STU_0307,3.39,9,2,6,16-20K,1,0,2,1,1,9,2024,3,40,18000,1,1,3,1
STU_0308,2.62,11,5,8,16-20K,1,0,2,1,1,11,2024,4,96,18000,1,0,3,0
STU_0309,2.85,16,4,12,16-20K,1,0,2,1,1,1,2025,1,162,18000,1,0,3,0
STU_0310,3.21,2,5,8,Below 10k,1,0,0,1,0,4,2025,2,250,8000,1,1,1,1
STU_0311,2.99,6,6,13,16-20K,0,0,2,1,0,9,2024,3,25,18000,1,0,3,0
STU_0312,3.35,21,0,2,Below 10k,1,0,0,1,0,4,2025,2,263,8000,1,1,1,1
STU_0313,3.36,21,0,14,16-20K,0,0,2,1,0,11,2024,4,99,18000,1,1,3,1
STU_0314,2.71,16,4,12,10-15K,0,0,1,1,0,5,2025,2,275,12500,1,0,2,0
STU_0315,2.77,1,4,12,16-20K,0,0,2,1,0,4,2025,2,264,18000,1,0,3,0
STU_0316,2.54,11,5,8,10-15K,1,0,1,1,0,12,2024,4,120,12500,1,0,2,0
STU_0317,3.45,2,5,8,16-20K,0,0,2,1,0,4,2025,2,252,18000,1,2,3,0
STU_0318,3.39,12,6,1,Below 10k,1,0,0,1,0,5,2025,2,289,8000,1,1,1,1
STU_0319,2.8,10,2,6,Below 10k,0,0,0,1,0,11,2024,4,103,8000,1,0,1,0
STU_0320,3.17,0,1,17,16-20K,1,0,2,1,1,11,2024,4,114,18000,1,1,3,1
STU_0321,2.7,12,6,13,16-20K,0,0,2,1,0,9,2024,3,38,18000,1,0,3,0
STU_0322,3.11,13,5,8,16-20K,0,0,2,1,0,3,2025,1,225,18000,1,1,3,1
STU_0323,3.1,20,1,16,10-15K,0,0,1,1,0,9,2024,3,29,12500,1,1,2,1
STU_0324,2.56,16,4,12,Below 10k,0,0,0,1,0,5,2025,2,283,8000,1,0,1,0
STU_0325,2.74,14,4,12,16-20K,0,0,2,1,0,4,2025,2,261,18000,1,0,3,0
STU_0326,3.95,5,0,5,10-15K,0,0,1,2,1,2,2025,1,190,12500,1,2,3,1
STU_0327,3.57,7,7,0,16-20K,1,0,2,2,1,9,2024,3,44,18000,1,2,4,1
STU_0328,3.13,1,4,12,Below 10k,0,0,0,1,0,11,2024,4,96,8000,1,1,1,1
STU_0329,3.27,10,2,6,Below 10k,1,0,0,1,0,11,2024,4,111,8000,1,1,1,1
STU_0330,3.84,11,5,8,10-15K,1,0,1,2,1,2,2025,1,184,12500,1,2,3,1
STU_0331,3.48,17,2,6,Below 10k,0,0,0,1,0,12,2024,4,138,8000,1,2,1,0
STU_0332,3.28,10,7,0,Below 10k,0,0,0,1,0,10,2024,4,72,8000,1,1,1,1
STU_0333,3.46,17,2,6,Below 10k,1,0,0,1,0,4,2025,2,236,8000,1,2,1,0
STU_0334,3.9,3,2,6,16-20K,0,0,2,2,1,5,2025,2,288,18000,1,2,4,1
STU_0335,3.25,10,2,6,16-20K,1,0,2,1,1,6,2025,2,322,18000,1,1,3,1
STU_0336,3.49,11,5,8,10-15K,1,0,1,1,0,9,2024,3,35,12500,1,2,2,0
STU_0337,3.45,2,5,8,16-20K,1,0,2,1,1,5,2025,2,296,18000,1,2,3,0
STU_0338,3.45,1,4,12,Below 10k,0,0,0,1,0,10,2024,4,80,8000,1,2,1,0
STU_0339,3.33,18,0,14,Below 10k,1,0,0,1,0,4,2025,2,253,8000,1,1,1,1
STU_0340,3.2,1,4,12,10-15K,1,0,1,1,0,4,2025,2,242,12500,1,1,2,1
STU_0341,3.29,10,7,0,Below 10k,1,0,0,1,0,5,2025,2,282,8000,1,1,1,1
STU_0342,3.48,17,2,6,10-15K,1,0,1,1,0,2,2025,1,188,12500,1,2,2,0
STU_0343,3.43,9,7,0,Below 10k,1,0,0,1,0,3,2025,1,209,8000,1,2,1,0
STU_0344,2.54,21,0,14,16-20K,1,0,2,1,1,3,2025,1,206,18000,1,0,3,0
STU_0345,3.17,22,3,7,16-20K,0,0,2,1,0,6,2025,2,318,18000,1,1,3,1
STU_0346,3.32,21,0,15,16-20K,0,0,2,1,0,12,2024,4,140,18000,1,1,3,1
STU_0347,3.17,5,0,15,Below 10k,1,0,0,1,0,12,2024,4,141,8000,1,1,1,1
STU_0348,2.96,4,4,12,Below 10k,0,0,0,1,0,3,2025,1,235,8000,1,0,1,0
STU_0349,3.39,22,3,7,10-15K,1,0,1,1,0,4,2025,2,259,12500,1,1,2,1
STU_0350,3.37,2,5,8,10-15K,1,0,1,1,0,11,2024,4,85,12500,1,1,2,1
STU_0351,3.18,10,2,6,16-20K,1,0,2,1,0,5,2025,2,279,18000,1,1,3,1
STU_0352,3.29,16,4,12,16-20K,1,0,2,1,1,10,2024,4,60,18000,1,1,3,1
STU_0353,3.3,4,4,12,Below 10k,0,0,0,1,0,12,2024,4,130,8000,1,1,1,1
STU_0354,3.15,9,7,0,Below 10k,1,0,0,1,0,10,2024,4,83,8000,1,1,1,1
STU_0355,3.4,16,4,12,16-20K,0,0,2,1,0,11,2024,4,104,18000,1,2,3,0
STU_0356,3.22,0,1,16,Below 10k,1,0,0,1,0,10,2024,4,81,8000,1,1,1,1
STU_0357,3.56,5,1,16,10-15K,0,0,1,2,0,10,2024,4,56,12500,1,2,3,1
STU_0358,3.13,9,0,2,Below 10k,1,0,0,1,0,2,2025,1,192,8000,1,1,1,1
STU_0359,2.7,13,5,8,16-20K,1,0,2,1,1,2,2025,1,194,18000,1,0,3,0
STU_0360,3.33,14,4,12,Below 10k,1,0,0,1,0,11,2024,4,107,8000,1,1,1,1
STU_0361,3.17,7,7,0,16-20K,0,0,2,1,0,8,2024,3,4,18000,1,1,3,1
STU_0362,3.46,18,0,2,Below 10k,0,0,0,1,0,9,2024,3,38,8000,1,2,1,0
STU_0363,2.6,9,2,6,10-15K,0,0,1,1,1,11,2024,4,85,12500,1,0,2,0
STU_0364,3.14,18,0,2,16-20K,1,0,2,1,1,1,2025,1,169,18000,1,1,3,1
STU_0365,3.12,21,0,15,16-20K,1,0,2,1,1,8,2024,3,8,18000,1,1,3,1
STU_0366,3.16,8,7,0,10-15K,1,0,1,1,0,2,2025,1,192,12500,1,1,2,1
STU_0367,3.05,5,0,5,10-15K,0,0,1,1,0,6,2025,2,316,12500,1,1,2,1
STU_0368,3.16,12,6,9,10-15K,1,0,1,1,0,9,2024,3,46,12500,1,1,2,1
STU_0369,2.95,14,4,12,10-15K,1,0,1,1,0,4,2025,2,240,12500,1,0,2,0
STU_0370,3.42,8,7,0,10-15K,1,0,1,1,0,1,2025,1,166,12500,1,2,2,0
STU_0371,3.29,18,0,15,16-20K,0,0,2,1,0,5,2025,2,283,18000,1,1,3,1
STU_0372,3.36,1,4,12,16-20K,1,0,2,1,1,6,2025,2,312,18000,1,1,3,1
STU_0373,2.96,8,7,0,10-15K,1,0,1,1,0,8,2024,3,0,12500,1,0,2,0
STU_0374,2.83,10,2,6,16-20K,1,0,2,1,1,9,2024,3,53,18000,1,0,3,0
STU_0375,3.11,13,0,2,16-20K,1,0,2,1,1,12,2024,4,115,18000,1,1,3,1
STU_0376,3.28,10,2,6,10-15K,0,0,1,1,0,4,2025,2,239,12500,1,1,2,1
STU_0377,3.25,22,3,7,16-20K,0,0,2,1,0,5,2025,2,294,18000,1,1,3,1
STU_0378,3.06,2,5,8,Below 10k,1,0,0,1,0,3,2025,1,215,8000,1,1,1,1
STU_0379,2.52,13,5,8,16-20K,0,0,2,1,0,11,2024,4,90,18000,1,0,3,0
STU_0380,2.82,16,4,12,16-20K,1,0,2,1,1,5,2025,2,267,18000,1,0,3,0
STU_0381,2.91,4,4,12,10-15K,1,0,1,1,0,6,2025,2,317,12500,1,0,2,0
STU_0382,3.46,0,7,0,10-15K,1,0,1,1,0,9,2024,3,36,12500,1,2,2,0
STU_0383,3.22,17,2,6,10-15K,0,0,1,1,0,11,2024,4,101,12500,1,1,2,1
STU_0384,3.32,0,1,10,16-20K,1,0,2,1,1,4,2025,2,259,18000,1,1,3,1
STU_0385,3.37,9,7,0,16-20K,1,0,2,1,1,2,2025,1,181,18000,1,1,3,1
STU_0386,3.21,0,7,0,Below 10k,1,0,0,1,0,1,2025,1,168,8000,1,1,1,1
STU_0387,3.16,22,3,7,16-20K,1,0,2,1,1,10,2024,4,58,18000,1,1,3,1
STU_0388,3.37,22,3,7,Below 10k,1,0,0,1,0,9,2024,3,36,8000,1,1,1,1
STU_0389,3.43,1,4,12,Below 10k,1,0,0,1,0,5,2025,2,295,8000,1,2,1,0
STU_0390,3.16,7,3,7,10-15K,1,0,1,1,0,1,2025,1,176,12500,1,1,2,1
STU_0391,2.85,13,5,8,16-20K,1,0,2,1,1,10,2024,4,82,18000,1,0,3,0
STU_0392,2.86,0,1,17,16-20K,0,0,2,1,0,5,2025,2,291,18000,1,0,3,0
STU_0393,3.3,20,1,10,Below 10k,1,0,0,1,0,12,2024,4,144,8000,1,1,1,1
STU_0394,3.3,13,0,14,10-15K,1,0,1,1,0,8,2024,3,3,12500,1,1,2,1
STU_0395,3.25,4,4,12,10-15K,0,0,1,1,0,10,2024,4,61,12500,1,1,2,1
STU_0396,3.28,5,1,10,10-15K,1,0,1,1,0,2,2025,1,203,12500,1,1,2,1
STU_0397,3.94,18,0,4,16-20K,0,0,2,2,0,4,2025,2,243,18000,1,2,4,1
STU_0398,3.23,6,6,3,10-15K,1,0,1,1,0,6,2025,2,324,12500,1,1,2,1
STU_0399,3.24,17,2,6,16-20K,0,0,2,1,0,1,2025,1,168,18000,1,1,3,1
STU_0400,2.7,9,0,5,16-20K,0,0,2,1,0,2,2025,1,180,18000,1,0,3,0
STU_0401,3.63,9,2,6,Below 10k,0,0,0,2,0,12,2024,4,115,8000,1,2,2,1
STU_0402,3.63,5,3,7,16-20K,0,0,2,2,1,11,2024,4,106,18000,1,2,4,1
STU_0403,3.46,12,3,7,10-15K,0,0,1,1,0,4,2025,2,249,12500,1,2,2,0
STU_0404,3.22,5,0,4,Below 10k,0,0,0,1,0,12,2024,4,131,8000,1,1,1,1
STU_0405,3.33,9,7,0,10-15K,0,0,1,1,0,9,2024,3,29,12500,1,1,2,1
STU_0406,3.29,9,0,15,16-20K,1,0,2,1,1,1,2025,1,151,18000,1,1,3,1
STU_0407,2.52,6,6,3,16-20K,0,0,2,1,0,1,2025,1,173,18000,1,0,3,0
STU_0408,3.42,17,2,6,Below 10k,1,0,0,1,0,10,2024,4,73,8000,1,2,1,0
STU_0409,3.52,5,1,10,16-20K,0,0,2,2,0,1,2025,1,165,18000,1,2,4,1
STU_0410,3.32,9,2,6,16-20K,0,0,2,1,0,10,2024,4,68,18000,1,1,3,1
STU_0411,3.27,13,0,5,16-20K,1,0,2,1,0,3,2025,1,231,18000,1,1,3,1
STU_0412,3.01,13,5,8,Below 10k,1,0,0,1,0,2,2025,1,177,8000,1,1,1,1
STU_0413,3.36,0,7,0,16-20K,0,0,2,1,1,10,2024,4,55,18000,1,1,3,1
STU_0414,3.05,11,5,8,Below 10k,1,0,0,1,0,5,2025,2,271,8000,1,1,1,1
STU_0415,2.81,2,5,8,10-15K,1,0,1,1,0,9,2024,3,50,12500,1,0,2,0
STU_0416,2.28,7,7,0,10-15K,1,0,1,0,0,8,2024,3,5,12500,1,0,1,1
STU_0417,3.79,21,0,14,16-20K,0,0,2,2,0,6,2025,2,326,18000,1,2,4,1
STU_0418,3.16,7,7,0,16-20K,1,0,2,1,1,10,2024,4,70,18000,1,1,3,1
STU_0419,2.75,3,2,6,10-15K,0,0,1,1,0,1,2025,1,169,12500,1,0,2,0
STU_0420,3.66,22,3,7,16-20K,1,0,2,2,1,3,2025,1,210,18000,1,2,4,1
STU_0421,3.18,1,4,12,10-15K,0,0,1,1,0,6,2025,2,300,12500,1,1,2,1
STU_0422,2.27,7,7,0,Below 10k,0,0,0,0,0,8,2024,3,2,8000,1,0,0,1
STU_0423,3.1,14,4,12,Below 10k,0,0,0,1,0,12,2024,4,145,8000,1,1,1,1
STU_0424,3.03,3,2,6,Below 10k,0,0,0,1,0,6,2025,2,319,8000,1,1,1,1
STU_0425,3.68,6,1,17,Below 10k,1,0,0,2,0,11,2024,4,91,8000,1,2,2,1
STU_0426,3.47,18,0,15,10-15K,1,0,1,1,0,12,2024,4,125,12500,1,2,2,0
STU_0427,2.74,10,2,6,10-15K,0,0,1,1,0,12,2024,4,136,12500,1,0,2,0
STU_0428,3.13,12,6,1,10-15K,1,0,1,1,0,4,2025,2,248,12500,1,1,2,1
STU_0429,3.21,6,6,9,10-15K,0,0,1,1,0,5,2025,2,274,12500,1,1,2,1
STU_0430,3.34,2,5,8,16-20K,1,0,2,1,0,1,2025,1,163,18000,1,1,3,1
STU_0431,2.9,17,2,6,10-15K,1,0,1,1,0,5,2025,2,280,12500,1,0,2,0
STU_0432,3.47,6,1,10,Below 10k,1,0,0,1,0,12,2024,4,128,8000,1,2,1,0
STU_0433,3.19,10,2,6,16-20K,1,0,2,1,1,12,2024,4,115,18000,1,1,3,1
STU_0434,2.21,14,4,12,16-20K,0,0,2,0,0,12,2024,4,129,18000,1,0,2,1
STU_0435,2.84,6,1,10,Below 10k,0,0,0,1,1,8,2024,3,14,8000,1,0,1,0
STU_0436,2.65,13,0,4,Below 10k,0,0,0,1,0,2,2025,1,177,8000,1,0,1,0
STU_0437,2.82,0,7,0,Below 10k,0,0,0,1,0,12,2024,4,133,8000,1,0,1,0
STU_0438,3.34,5,3,7,10-15K,0,0,1,1,0,10,2024,4,69,12500,1,1,2,1
STU_0439,3.36,8,7,0,10-15K,0,0,1,1,0,9,2024,3,46,12500,1,1,2,1
STU_0440,3.46,19,6,3,Below 10k,1,0,0,1,0,1,2025,1,174,8000,1,2,1,0
STU_0441,2.65,0,7,0,16-20K,0,0,2,1,0,12,2024,4,132,18000,1,0,3,0
STU_0442,3.39,9,7,0,10-15K,0,0,1,1,0,10,2024,4,58,12500,1,1,2,1
STU_0443,3.41,12,6,1,10-15K,1,0,1,1,0,4,2025,2,256,12500,1,2,2,0
STU_0444,3.25,6,6,11,Below 10k,1,0,0,1,0,2,2025,1,185,8000,1,1,1,1
STU_0445,3.38,9,7,0,Below 10k,0,0,0,1,0,11,2024,4,108,8000,1,1,1,1
STU_0446,3.81,5,3,7,16-20K,1,0,2,2,1,5,2025,2,267,18000,1,2,4,1
STU_0447,3.25,9,0,2,10-15K,0,0,1,1,0,9,2024,3,45,12500,1,1,2,1
STU_0448,3.46,2,5,8,10-15K,1,0,1,1,0,5,2025,2,274,12500,1,2,2,0
STU_0449,3.52,9,2,6,Below 10k,1,0,0,2,0,11,2024,4,114,8000,1,2,2,1
STU_0450,2.83,21,0,2,10-15K,1,0,1,1,0,4,2025,2,249,12500,1,0,2,0
STU_0451,3.33,7,3,7,10-15K,1,0,1,1,0,3,2025,1,214,12500,1,1,2,1
STU_0452,3.38,3,2,6,16-20K,0,0,2,1,0,5,2025,2,292,18000,1,1,3,1
STU_0453,2.53,18,0,4,10-15K,0,0,1,1,0,12,2024,4,119,12500,1,0,2,0
STU_0454,3.34,13,0,2,Below 10k,1,0,0,1,0,2,2025,1,197,8000,1,1,1,1
STU_0455,3.18,6,1,16,10-15K,0,0,1,1,0,6,2025,2,324,12500,1,1,2,1
STU_0456,3.48,12,3,7,Below 10k,0,0,0,1,1,12,2024,4,120,8000,1,2,1,0
STU_0457,3.22,2,5,8,16-20K,0,0,2,1,0,3,2025,1,205,18000,1,1,3,1
STU_0458,3.49,13,5,8,Below 10k,1,0,0,1,0,3,2025,1,205,8000,1,2,1,0
STU_0459,3.3,0,7,0,16-20K,1,0,2,1,1,1,2025,1,149,18000,1,1,3,1
STU_0460,3.27,7,7,0,16-20K,0,0,2,1,0,11,2024,4,90,18000,1,1,3,1
STU_0461,3.26,16,6,3,10-15K,1,0,1,1,0,4,2025,2,251,12500,1,1,2,1
STU_0462,3.1,16,4,12,10-15K,1,0,1,1,0,3,2025,1,231,12500,1,1,2,1
STU_0463,3.2,5,1,17,Below 10k,0,0,0,1,0,1,2025,1,173,8000,1,1,1,1
STU_0464,3.48,9,0,5,Below 10k,0,0,0,1,0,10,2024,4,65,8000,1,2,1,0
STU_0465,3.56,7,7,0,10-15K,1,0,1,2,1,4,2025,2,250,12500,1,2,3,1
STU_0466,3.49,1,4,12,10-15K,0,0,1,1,0,12,2024,4,133,12500,1,2,2,0
STU_0467,2.99,15,6,9,16-20K,1,0,2,1,1,12,2024,4,128,18000,1,0,3,0
STU_0468,3.47,12,3,7,Below 10k,1,0,0,1,0,6,2025,2,314,8000,1,2,1,0
STU_0469,3.12,15,6,1,10-15K,0,0,1,1,0,4,2025,2,247,12500,1,1,2,1
STU_0470,3.31,5,0,14,Below 10k,0,0,0,1,0,2,2025,1,196,8000,1,1,1,1
STU_0471,3.37,9,0,2,Below 10k,0,0,0,1,0,3,2025,1,218,8000,1,1,1,1
STU_0472,3.11,6,1,17,10-15K,1,0,1,1,0,9,2024,3,24,12500,1,1,2,1
STU_0473,3.31,1,4,12,10-15K,1,0,1,1,0,2,2025,1,191,12500,1,1,2,1
STU_0474,3.25,11,5,8,Below 10k,1,0,0,1,0,12,2024,4,142,8000,1,1,1,1
STU_0475,3.73,21,0,14,16-20K,1,0,2,2,1,5,2025,2,281,18000,1,2,4,1
STU_0476,3.11,17,2,6,10-15K,1,0,1,1,0,1,2025,1,156,12500,1,1,2,1
STU_0477,3.39,22,3,7,16-20K,1,0,2,1,0,10,2024,4,75,18000,1,1,3,1
STU_0478,3.22,8,7,0,10-15K,1,0,1,1,0,6,2025,2,300,12500,1,1,2,1
STU_0479,3.44,11,5,8,16-20K,0,0,2,1,0,6,2025,2,323,18000,1,2,3,0
STU_0480,3.02,5,1,17,16-20K,0,0,2,1,0,12,2024,4,124,18000,1,1,3,1
STU_0481,2.77,3,2,6,Below 10k,1,0,0,1,0,4,2025,2,261,8000,1,0,1,0
STU_0482,3.16,5,1,10,10-15K,0,0,1,1,0,9,2024,3,47,12500,1,1,2,1
STU_0483,3.32,5,3,7,10-15K,1,0,1,1,0,11,2024,4,111,12500,1,1,2,1
STU_0484,3.23,15,6,13,Below 10k,0,0,0,1,1,8,2024,3,8,8000,1,1,1,1
STU_0485,2.81,2,5,8,Below 10k,0,0,0,1,0,11,2024,4,100,8000,1,0,1,0
STU_0486,3.43,22,3,7,16-20K,0,0,2,1,0,11,2024,4,107,18000,1,2,3,0
STU_0487,3.22,17,2,6,16-20K,0,0,2,1,1,12,2024,4,117,18000,1,1,3,1
STU_0488,3.46,1,4,12,10-15K,0,0,1,1,0,1,2025,1,147,12500,1,2,2,0
STU_0489,2.17,9,0,5,16-20K,1,0,2,0,1,6,2025,2,324,18000,1,0,2,1
STU_0490,3.11,16,6,3,10-15K,0,0,1,1,0,3,2025,1,209,12500,1,1,2,1
STU_0491,3.59,16,4,12,10-15K,0,0,1,2,0,11,2024,4,94,12500,1,2,3,1
STU_0492,3.27,7,1,17,Below 10k,0,0,0,1,0,12,2024,4,130,8000,1,1,1,1
STU_0493,3.15,10,2,6,10-15K,0,0,1,1,0,11,2024,4,102,12500,1,1,2,1
STU_0494,2.86,13,5,8,10-15K,0,0,1,1,0,8,2024,3,11,12500,1,0,2,0
STU_0495,3.42,13,0,15,10-15K,0,0,1,1,0,12,2024,4,128,12500,1,2,2,0
STU_0496,3.35,4,4,12,Below 10k,0,0,0,1,0,8,2024,3,9,8000,1,1,1,1
STU_0497,3.26,5,3,7,16-20K,1,0,2,1,1,2,2025,1,178,18000,1,1,3,1
STU_0498,3.25,12,3,7,Below 10k,0,0,0,1,1,3,2025,1,216,8000,1,1,1,1
STU_0499,2.51,9,2,6,10-15K,0,0,1,1,0,3,2025,1,227,12500,1,0,2,0
STU_0500,3.27,8,7,0,10-15K,1,0,1,1,0,5,2025,2,287,12500,1,1,2,1
STU_0501,3.18,5,1,10,16-20K,1,0,2,1,1,12,2024,4,122,18000,1,1,3,1
STU_0502,3.36,10,2,6,10-15K,1,0,1,1,0,11,2024,4,98,12500,1,1,2,1
STU_0503,3.77,19,6,1,16-20K,1,0,2,2,1,12,2024,4,118,18000,1,2,4,1
STU_0504,3.34,13,0,15,Below 10k,1,0,0,1,0,3,2025,1,235,8000,1,1,1,1
STU_0505,3.28,3,2,6,16-20K,0,0,2,1,0,4,2025,2,257,18000,1,1,3,1
STU_0506,3.51,8,7,0,16-20K,0,0,2,2,0,3,2025,1,209,18000,1,2,4,1
STU_0507,3.0,9,2,6,10-15K,0,0,1,1,0,10,2024,4,73,12500,1,1,2,1
STU_0508,3.35,7,3,7,10-15K,0,0,1,1,0,4,2025,2,238,12500,1,1,2,1
STU_0509,3.12,10,7,0,Below 10k,0,0,0,1,0,3,2025,1,229,8000,1,1,1,1
STU_0510,3.16,9,0,4,10-15K,0,0,1,1,0,10,2024,4,71,12500,1,1,2,1
STU_0511,3.34,9,2,6,16-20K,1,0,2,1,1,11,2024,4,111,18000,1,1,3,1
STU_0512,3.46,2,5,8,Below 10k,0,0,0,1,0,9,2024,3,51,8000,1,2,1,0
STU_0513,3.47,15,6,9,16-20K,0,0,2,1,0,4,2025,2,252,18000,1,2,3,0
STU_0514,3.42,12,3,7,Below 10k,1,0,0,1,0,2,2025,1,180,8000,1,2,1,0
STU_0515,3.48,7,1,10,10-15K,0,0,1,1,0,5,2025,2,286,12500,1,2,2,0
STU_0516,3.17,16,6,9,10-15K,0,0,1,1,1,2,2025,1,204,12500,1,1,2,1
STU_0517,3.17,18,0,5,10-15K,0,0,1,1,0,3,2025,1,227,12500,1,1,2,1
STU_0518,3.94,7,3,7,16-20K,0,0,2,2,0,1,2025,1,157,18000,1,2,4,1
STU_0519,3.34,8,7,0,16-20K,0,0,2,1,0,6,2025,2,303,18000,1,1,3,1
STU_0520,3.2,6,6,11,16-20K,1,0,2,1,1,3,2025,1,208,18000,1,1,3,1
STU_0521,2.65,7,1,10,Below 10k,1,0,0,1,0,11,2024,4,97,8000,1,0,1,0
STU_0522,3.21,7,3,7,Below 10k,1,0,0,1,0,6,2025,2,301,8000,1,1,1,1
STU_0523,3.31,9,7,0,10-15K,0,0,1,1,0,3,2025,1,212,12500,1,1,2,1
STU_0524,3.32,3,2,6,10-15K,0,0,1,1,0,4,2025,2,258,12500,1,1,2,1
STU_0525,3.14,6,6,13,Below 10k,0,0,0,1,1,1,2025,1,171,8000,1,1,1,1
STU_0526,3.31,3,2,6,Below 10k,1,0,0,1,0,10,2024,4,81,8000,1,1,1,1
STU_0527,3.29,6,1,17,Below 10k,0,0,0,1,0,4,2025,2,255,8000,1,1,1,1
STU_0528,3.29,13,0,2,10-15K,0,0,1,1,0,3,2025,1,231,12500,1,1,2,1
STU_0529,3.03,19,6,1,10-15K,0,0,1,1,1,3,2025,1,230,12500,1,1,2,1
STU_0530,3.42,10,7,0,10-15K,0,0,1,1,0,1,2025,1,159,12500,1,2,2,0
STU_0531,2.66,9,0,5,16-20K,0,0,2,1,0,3,2025,1,213,18000,1,0,3,0
STU_0532,3.89,20,1,16,Below 10k,1,0,0,2,0,8,2024,3,22,8000,1,2,2,1
STU_0533,3.48,16,6,3,Below 10k,1,0,0,1,0,12,2024,4,122,8000,1,2,1,0
STU_0534,3.33,12,3,7,10-15K,0,0,1,1,0,4,2025,2,247,12500,1,1,2,1
STU_0535,2.51,1,4,12,10-15K,1,0,1,1,0,12,2024,4,139,12500,1,0,2,0
STU_0536,2.81,0,7,0,Below 10k,0,0,0,1,0,4,2025,2,243,8000,1,0,1,0
STU_0537,3.42,4,4,12,16-20K,1,0,2,1,1,10,2024,4,80,18000,1,2,3,0
STU_0538,3.17,2,5,8,Below 10k,0,0,0,1,0,8,2024,3,13,8000,1,1,1,1
STU_0539,3.9,18,0,15,Below 10k,1,0,0,2,0,11,2024,4,105,8000,1,2,2,1
STU_0540,3.28,13,0,4,10-15K,1,0,1,1,0,11,2024,4,104,12500,1,1,2,1
STU_0541,3.18,1,4,12,16-20K,0,0,2,1,0,3,2025,1,229,18000,1,1,3,1
STU_0542,3.11,0,7,0,Below 10k,1,0,0,1,0,5,2025,2,292,8000,1,1,1,1
STU_0543,3.61,16,4,12,16-20K,1,0,2,2,1,8,2024,3,10,18000,1,2,4,1
STU_0544,3.31,5,1,10,Below 10k,1,0,0,1,0,5,2025,2,281,8000,1,1,1,1
STU_0545,3.13,2,5,8,Below 10k,1,0,0,1,0,9,2024,3,49,8000,1,1,1,1
STU_0546,3.19,15,6,11,16-20K,1,0,2,1,1,1,2025,1,159,18000,1,1,3,1
STU_0547,3.47,7,7,0,10-15K,1,0,1,1,0,6,2025,2,308,12500,1,2,2,0
STU_0548,3.17,4,4,12,10-15K,1,0,1,1,0,9,2024,3,27,12500,1,1,2,1
STU_0549,3.19,14,4,12,Below 10k,0,0,0,1,0,5,2025,2,271,8000,1,1,1,1
STU_0550,3.26,16,4,12,10-15K,0,0,1,1,0,9,2024,3,40,12500,1,1,2,1
STU_0551,3.41,19,6,3,Below 10k,1,0,0,1,0,10,2024,4,74,8000,1,2,1,0
STU_0552,3.12,9,2,6,Below 10k,1,0,0,1,0,1,2025,1,164,8000,1,1,1,1
STU_0553,3.36,22,3,7,10-15K,1,0,1,1,0,1,2025,1,150,12500,1,1,2,1
STU_0554,3.47,7,1,17,10-15K,1,0,1,1,0,2,2025,1,198,12500,1,2,2,0
STU_0555,3.17,2,5,8,10-15K,0,0,1,1,0,12,2024,4,142,12500,1,1,2,1
STU_0556,3.26,6,6,1,Below 10k,1,0,0,1,0,8,2024,3,6,8000,1,1,1,1
STU_0557,3.25,15,6,9,Below 10k,0,0,0,1,0,8,2024,3,12,8000,1,1,1,1
STU_0558,3.28,2,5,8,16-20K,1,0,2,1,1,5,2025,2,288,18000,1,1,3,1
STU_0559,3.94,0,7,0,16-20K,1,0,2,2,1,5,2025,2,266,18000,1,2,4,1
STU_0560,3.19,7,7,0,Below 10k,1,0,0,1,0,10,2024,4,81,8000,1,1,1,1
STU_0561,3.17,7,3,7,Below 10k,0,0,0,1,0,12,2024,4,136,8000,1,1,1,1
STU_0562,3.49,9,2,6,Below 10k,1,0,0,1,0,2,2025,1,189,8000,1,2,1,0
STU_0563,3.56,19,6,3,10-15K,0,0,1,2,0,10,2024,4,72,12500,1,2,3,1
STU_0564,2.72,5,3,7,16-20K,0,0,2,1,0,5,2025,2,275,18000,1,0,3,0
STU_0565,3.46,17,2,6,10-15K,1,0,1,1,0,1,2025,1,158,12500,1,2,2,0
STU_0566,3.15,6,1,10,16-20K,1,0,2,1,1,10,2024,4,79,18000,1,1,3,1
STU_0567,3.19,21,0,2,10-15K,0,0,1,1,0,12,2024,4,139,12500,1,1,2,1
STU_0568,3.08,6,6,13,16-20K,1,0,2,1,1,3,2025,1,227,18000,1,1,3,1
STU_0569,3.35,16,4,12,16-20K,1,0,2,1,1,1,2025,1,174,18000,1,1,3,1
STU_0570,2.6,5,1,10,16-20K,1,0,2,1,1,4,2025,2,265,18000,1,0,3,0
STU_0571,3.21,19,6,13,16-20K,0,0,2,1,0,12,2024,4,144,18000,1,1,3,1
STU_0572,3.34,11,5,8,Below 10k,1,0,0,1,0,1,2025,1,152,8000,1,1,1,1
STU_0573,3.25,6,6,13,16-20K,0,0,2,1,0,6,2025,2,324,18000,1,1,3,1
STU_0574,2.73,1,4,12,10-15K,1,0,1,1,0,6,2025,2,315,12500,1,0,2,0
STU_0575,3.54,0,7,0,16-20K,1,0,2,2,1,6,2025,2,309,18000,1,2,4,1
STU_0576,3.36,10,2,6,Below 10k,1,0,0,1,0,12,2024,4,129,8000,1,1,1,1
STU_0577,2.94,8,7,0,10-15K,1,0,1,1,0,6,2025,2,303,12500,1,0,2,0
STU_0578,3.49,17,2,6,Below 10k,1,0,0,1,0,9,2024,3,47,8000,1,2,1,0
STU_0579,3.22,6,1,10,10-15K,0,0,1,1,0,1,2025,1,165,12500,1,1,2,1
STU_0580,3.46,13,0,15,Below 10k,1,0,0,1,0,12,2024,4,143,8000,1,2,1,0
STU_0581,3.16,14,4,12,10-15K,1,0,1,1,0,4,2025,2,249,12500,1,1,2,1
STU_0582,3.13,16,4,12,16-20K,1,0,2,1,1,2,2025,1,195,18000,1,1,3,1
STU_0583,3.19,2,5,8,Below 10k,1,0,0,1,0,11,2024,4,105,8000,1,1,1,1
STU_0584,3.2,22,3,7,Below 10k,0,0,0,1,0,12,2024,4,117,8000,1,1,1,1
STU_0585,2.27,2,5,8,10-15K,0,0,1,0,0,8,2024,3,18,12500,1,0,1,1
STU_0586,3.39,7,3,7,16-20K,0,0,2,1,0,2,2025,1,182,18000,1,1,3,1
STU_0587,3.2,12,6,3,16-20K,1,0,2,1,1,9,2024,3,52,18000,1,1,3,1
STU_0588,3.18,20,1,17,16-20K,0,0,2,1,0,5,2025,2,278,18000,1,1,3,1
STU_0589,3.37,13,5,8,16-20K,0,0,2,1,0,11,2024,4,86,18000,1,1,3,1
STU_0590,3.23,17,2,6,10-15K,0,0,1,1,0,10,2024,4,68,12500,1,1,2,1
STU_0591,3.3,13,0,14,16-20K,1,0,2,1,0,12,2024,4,116,18000,1,1,3,1
STU_0592,3.24,16,6,9,10-15K,1,0,1,1,0,5,2025,2,294,12500,1,1,2,1
STU_0593,3.12,17,2,6,10-15K,0,0,1,1,0,1,2025,1,161,12500,1,1,2,1
STU_0594,3.12,20,1,16,Below 10k,0,0,0,1,0,10,2024,4,75,8000,1,1,1,1
STU_0595,3.44,9,0,5,10-15K,1,0,1,1,0,5,2025,2,269,12500,1,2,2,0
STU_0596,3.16,14,4,12,10-15K,1,0,1,1,0,1,2025,1,162,12500,1,1,2,1
STU_0597,3.19,12,6,13,Below 10k,0,0,0,1,0,2,2025,1,182,8000,1,1,1,1
STU_0598,3.46,13,0,5,16-20K,0,0,2,1,0,8,2024,3,17,18000,1,2,3,0
STU_0599,2.99,16,6,11,Below 10k,1,0,0,1,0,8,2024,3,17,8000,1,0,1,0
STU_0600,3.11,8,7,0,10-15K,0,0,1,1,0,10,2024,4,70,12500,1,1,2,1
STU_0601,3.34,11,5,8,Below 10k,1,0,0,1,0,8,2024,3,20,8000,1,1,1,1
STU_0602,2.92,9,0,4,16-20K,0,0,2,1,0,10,2024,4,75,18000,1,0,3,0
STU_0603,3.28,22,3,7,10-15K,1,0,1,1,0,5,2025,2,290,12500,1,1,2,1
STU_0604,3.4,16,6,13,16-20K,0,0,2,1,0,5,2025,2,272,18000,1,2,3,0
STU_0605,2.1,7,1,17,10-15K,1,0,1,0,0,2,2025,1,202,12500,1,0,1,1
STU_0606,3.22,13,5,8,10-15K,1,0,1,1,0,1,2025,1,170,12500,1,1,2,1
STU_0607,3.29,4,4,12,10-15K,1,0,1,1,0,4,2025,2,252,12500,1,1,2,1
STU_0608,3.56,13,5,8,16-20K,0,0,2,2,0,11,2024,4,96,18000,1,2,4,1
STU_0609,3.18,19,6,13,16-20K,0,0,2,1,0,6,2025,2,315,18000,1,1,3,1
STU_0610,3.47,16,4,12,10-15K,1,0,1,1,0,11,2024,4,113,12500,1,2,2,0
STU_0611,3.44,16,4,12,Below 10k,0,0,0,1,1,4,2025,2,248,8000,1,2,1,0
STU_0612,3.28,9,2,6,10-15K,1,0,1,1,0,10,2024,4,65,12500,1,1,2,1
STU_0613,2.56,6,1,16,16-20K,0,0,2,1,0,12,2024,4,144,18000,1,0,3,0
STU_0614,2.77,9,2,6,10-15K,1,0,1,1,0,12,2024,4,132,12500,1,0,2,0
STU_0615,3.39,17,2,6,Below 10k,0,0,0,1,0,10,2024,4,82,8000,1,1,1,1
STU_0616,3.67,11,5,8,10-15K,1,0,1,2,1,4,2025,2,241,12500,1,2,3,1
STU_0617,3.41,11,5,8,10-15K,0,0,1,1,0,8,2024,3,18,12500,1,2,2,0
STU_0618,3.15,16,6,1,16-20K,1,0,2,1,1,2,2025,1,193,18000,1,1,3,1
STU_0619,2.21,9,0,5,Below 10k,0,0,0,0,0,6,2025,2,304,8000,1,0,0,1
STU_0620,2.69,19,6,11,Below 10k,1,0,0,1,0,12,2024,4,115,8000,1,0,1,0
STU_0621,3.37,11,5,8,10-15K,1,0,1,1,0,12,2024,4,120,12500,1,1,2,1
STU_0622,3.42,6,1,10,Below 10k,1,0,0,1,0,6,2025,2,305,8000,1,2,1,0
STU_0623,3.27,20,1,10,10-15K,1,0,1,1,0,2,2025,1,181,12500,1,1,2,1
STU_0624,3.78,17,2,6,10-15K,1,0,1,2,1,11,2024,4,106,12500,1,2,3,1
STU_0625,3.21,5,1,17,Below 10k,1,0,0,1,0,4,2025,2,246,8000,1,1,1,1
STU_0626,2.77,5,1,10,Below 10k,0,0,0,1,0,11,2024,4,102,8000,1,0,1,0
STU_0627,2.92,11,5,8,Below 10k,1,0,0,1,0,4,2025,2,263,8000,1,0,1,0
STU_0628,3.48,9,2,6,Below 10k,0,0,0,1,0,6,2025,2,310,8000,1,2,1,0
STU_0629,3.18,9,0,2,16-20K,1,0,2,1,1,11,2024,4,86,18000,1,1,3,1
STU_0630,3.2,1,4,12,Below 10k,0,0,0,1,0,5,2025,2,283,8000,1,1,1,1
STU_0631,3.34,0,7,0,16-20K,0,0,2,1,0,9,2024,3,34,18000,1,1,3,1
STU_0632,3.79,6,1,10,Below 10k,0,0,0,2,0,1,2025,1,147,8000,1,2,2,1
STU_0633,3.33,4,4,12,16-20K,0,0,2,1,0,5,2025,2,275,18000,1,1,3,1
STU_0634,2.51,22,3,7,Below 10k,1,0,0,1,0,11,2024,4,92,8000,1,0,1,0
STU_0635,2.9,10,7,0,Below 10k,0,0,0,1,0,5,2025,2,268,8000,1,0,1,0
STU_0636,3.1,20,1,10,Below 10k,1,0,0,1,0,5,2025,2,294,8000,1,1,1,1
STU_0637,3.47,11,5,8,10-15K,1,0,1,1,0,4,2025,2,251,12500,1,2,2,0
STU_0638,3.12,17,2,6,10-15K,1,0,1,1,0,9,2024,3,34,12500,1,1,2,1
STU_0639,3.0,13,5,8,10-15K,0,0,1,1,1,4,2025,2,249,12500,1,1,2,1
STU_0640,3.42,7,1,17,Below 10k,0,0,0,1,0,6,2025,2,318,8000,1,2,1,0
STU_0641,3.41,15,6,13,16-20K,0,0,2,1,0,4,2025,2,246,18000,1,2,3,0
STU_0642,3.26,10,7,0,16-20K,0,0,2,1,0,3,2025,1,205,18000,1,1,3,1
STU_0643,3.48,6,6,1,10-15K,1,0,1,1,0,10,2024,4,60,12500,1,2,2,0
STU_0644,3.83,7,3,7,10-15K,1,0,1,2,1,9,2024,3,52,12500,1,2,3,1
STU_0645,3.36,10,2,6,10-15K,0,0,1,1,0,10,2024,4,76,12500,1,1,2,1
STU_0646,3.35,7,3,7,10-15K,1,0,1,1,0,9,2024,3,31,12500,1,1,2,1
STU_0647,3.17,9,7,0,10-15K,1,0,1,1,0,5,2025,2,270,12500,1,1,2,1
STU_0648,3.15,7,7,0,16-20K,1,0,2,1,1,11,2024,4,108,18000,1,1,3,1
STU_0649,3.37,9,0,14,10-15K,1,0,1,1,0,1,2025,1,159,12500,1,1,2,1
STU_0650,3.35,18,0,5,10-15K,0,0,1,1,0,3,2025,1,210,12500,1,1,2,1
STU_0651,3.44,7,1,10,16-20K,1,0,2,1,1,11,2024,4,92,18000,1,2,3,0
STU_0652,3.58,9,7,0,16-20K,0,0,2,2,0,4,2025,2,242,18000,1,2,4,1
STU_0653,3.25,2,5,8,16-20K,1,0,2,1,0,4,2025,2,253,18000,1,1,3,1
STU_0654,3.31,10,2,6,10-15K,0,0,1,1,0,12,2024,4,141,12500,1,1,2,1
STU_0655,3.48,9,0,5,Below 10k,1,0,0,1,0,12,2024,4,124,8000,1,2,1,0
STU_0656,3.13,5,0,4,10-15K,0,0,1,1,0,3,2025,1,222,12500,1,1,2,1
STU_0657,3.32,10,2,6,16-20K,1,0,2,1,1,11,2024,4,107,18000,1,1,3,1
STU_0658,3.87,5,3,7,10-15K,1,0,1,2,1,9,2024,3,37,12500,1,2,3,1
STU_0659,3.34,2,5,8,Below 10k,1,0,0,1,0,2,2025,1,183,8000,1,1,1,1
STU_0660,3.1,20,1,16,Below 10k,0,0,0,1,0,12,2024,4,133,8000,1,1,1,1
STU_0661,3.18,8,7,0,Below 10k,0,0,0,1,0,1,2025,1,156,8000,1,1,1,1
STU_0662,3.2,7,7,0,16-20K,0,0,2,1,0,2,2025,1,178,18000,1,1,3,1
STU_0663,3.47,9,0,2,16-20K,0,0,2,1,0,5,2025,2,296,18000,1,2,3,0
STU_0664,2.7,18,0,15,16-20K,1,0,2,1,1,9,2024,3,25,18000,1,0,3,0
STU_0665,2.5,10,2,6,Below 10k,0,0,0,1,0,4,2025,2,237,8000,1,0,1,0
STU_0666,3.55,12,3,7,16-20K,1,0,2,2,1,6,2025,2,324,18000,1,2,4,1
STU_0667,2.9,5,3,7,16-20K,1,0,2,1,1,9,2024,3,24,18000,1,0,3,0
STU_0668,3.38,9,7,0,Below 10k,1,0,0,1,0,3,2025,1,208,8000,1,1,1,1
STU_0669,2.62,13,0,5,10-15K,1,0,1,1,0,2,2025,1,195,12500,1,0,2,0
STU_0670,3.22,12,3,7,16-20K,1,0,2,1,1,2,2025,1,193,18000,1,1,3,1
STU_0671,2.62,12,3,7,16-20K,1,0,2,1,1,10,2024,4,67,18000,1,0,3,0
STU_0672,2.89,13,5,8,Below 10k,1,0,0,1,0,9,2024,3,38,8000,1,0,1,0
STU_0673,2.53,5,0,5,10-15K,0,0,1,1,0,12,2024,4,138,12500,1,0,2,0
STU_0674,3.14,10,7,0,10-15K,0,0,1,1,0,12,2024,4,139,12500,1,1,2,1
STU_0675,2.64,15,6,13,10-15K,0,0,1,1,0,4,2025,2,262,12500,1,0,2,0
STU_0676,3.12,15,6,13,10-15K,1,0,1,1,0,8,2024,3,12,12500,1,1,2,1
STU_0677,3.45,1,4,12,16-20K,1,0,2,1,1,3,2025,1,217,18000,1,2,3,0
STU_0678,3.24,5,0,5,Below 10k,0,0,0,1,0,11,2024,4,98,8000,1,1,1,1
STU_0679,3.33,8,7,0,10-15K,1,0,1,1,0,4,2025,2,242,12500,1,1,2,1
STU_0680,3.24,18,0,14,Below 10k,1,0,0,1,0,8,2024,3,13,8000,1,1,1,1
STU_0681,3.24,8,7,0,16-20K,1,0,2,1,1,9,2024,3,48,18000,1,1,3,1
STU_0682,3.46,7,3,7,Below 10k,0,0,0,1,0,1,2025,1,167,8000,1,2,1,0
STU_0683,2.75,10,2,6,10-15K,0,0,1,1,0,8,2024,3,18,12500,1,0,2,0
STU_0684,3.43,20,1,10,10-15K,1,0,1,1,0,6,2025,2,326,12500,1,2,2,0
STU_0685,2.58,20,1,17,Below 10k,1,0,0,1,0,10,2024,4,82,8000,1,0,1,0
STU_0686,3.73,16,6,3,10-15K,0,0,1,2,0,12,2024,4,134,12500,1,2,3,1
STU_0687,3.43,9,2,6,16-20K,1,0,2,1,1,3,2025,1,224,18000,1,2,3,0
STU_0688,3.28,3,2,6,10-15K,0,0,1,1,0,4,2025,2,264,12500,1,1,2,1
STU_0689,3.28,1,4,12,10-15K,0,0,1,1,0,1,2025,1,175,12500,1,1,2,1
STU_0690,3.33,6,6,9,Below 10k,0,0,0,1,0,3,2025,1,231,8000,1,1,1,1
STU_0691,3.31,12,3,7,Below 10k,0,0,0,1,0,8,2024,3,0,8000,1,1,1,1
STU_0692,3.18,5,0,4,16-20K,1,0,2,1,1,12,2024,4,131,18000,1,1,3,1
STU_0693,3.13,9,7,0,16-20K,0,0,2,1,0,2,2025,1,189,18000,1,1,3,1
STU_0694,3.85,12,6,3,10-15K,0,0,1,2,0,3,2025,1,207,12500,1,2,3,1
STU_0695,3.36,9,0,15,16-20K,0,0,2,1,0,12,2024,4,117,18000,1,1,3,1
STU_0696,3.48,5,3,7,Below 10k,1,0,0,1,0,11,2024,4,113,8000,1,2,1,0
STU_0697,3.2,9,7,0,10-15K,0,0,1,1,0,1,2025,1,159,12500,1,1,2,1
STU_0698,3.04,14,4,12,16-20K,1,0,2,1,1,11,2024,4,87,18000,1,1,3,1
STU_0699,3.34,1,4,12,16-20K,0,0,2,1,0,12,2024,4,128,18000,1,1,3,1
STU_0700,3.34,7,3,7,Below 10k,0,0,0,1,0,4,2025,2,264,8000,1,1,1,1
STU_0701,3.53,8,7,0,Below 10k,0,0,0,2,0,12,2024,4,128,8000,1,2,2,1
STU_0702,3.36,14,4,12,10-15K,0,0,1,1,0,4,2025,2,237,12500,1,1,2,1
STU_0703,3.37,9,2,6,Below 10k,0,0,0,1,0,5,2025,2,271,8000,1,1,1,1
STU_0704,3.31,6,6,1,10-15K,0,0,1,1,0,11,2024,4,108,12500,1,1,2,1
STU_0705,3.29,2,5,8,10-15K,0,0,1,1,0,5,2025,2,286,12500,1,1,2,1
STU_0706,3.39,10,7,0,16-20K,0,0,2,1,0,4,2025,2,240,18000,1,1,3,1
STU_0707,3.41,15,6,13,10-15K,1,0,1,1,0,4,2025,2,257,12500,1,2,2,0
STU_0708,3.35,5,3,7,Below 10k,1,0,0,1,0,8,2024,3,18,8000,1,1,1,1
STU_0709,3.4,17,2,6,10-15K,0,0,1,1,1,1,2025,1,176,12500,1,2,2,0
STU_0710,3.11,21,0,2,16-20K,1,0,2,1,1,9,2024,3,33,18000,1,1,3,1
STU_0711,3.49,9,7,0,16-20K,0,0,2,1,0,3,2025,1,211,18000,1,2,3,0
STU_0712,2.78,2,5,8,10-15K,0,0,1,1,0,1,2025,1,175,12500,1,0,2,0
STU_0713,3.43,13,5,8,Below 10k,0,0,0,1,0,8,2024,3,4,8000,1,2,1,0
STU_0714,3.46,0,7,0,Below 10k,0,0,0,1,0,3,2025,1,225,8000,1,2,1,0
STU_0715,3.19,19,6,1,Below 10k,0,0,0,1,0,6,2025,2,319,8000,1,1,1,1
STU_0716,3.24,14,4,12,10-15K,0,0,1,1,0,1,2025,1,169,12500,1,1,2,1
STU_0717,3.49,2,5,8,Below 10k,0,0,0,1,0,2,2025,1,202,8000,1,2,1,0
STU_0718,3.21,5,0,4,Below 10k,1,0,0,1,0,11,2024,4,111,8000,1,1,1,1
STU_0719,2.68,9,2,6,10-15K,0,0,1,1,0,1,2025,1,149,12500,1,0,2,0
STU_0720,3.41,13,0,2,Below 10k,0,0,0,1,0,12,2024,4,144,8000,1,2,1,0
STU_0721,3.72,16,4,12,10-15K,0,0,1,2,0,10,2024,4,56,12500,1,2,3,1
STU_0722,3.27,9,2,6,Below 10k,0,0,0,1,0,11,2024,4,100,8000,1,1,1,1
STU_0723,2.73,6,6,1,10-15K,1,0,1,1,0,1,2025,1,154,12500,1,0,2,0
STU_0724,3.23,6,6,11,10-15K,1,0,1,1,0,5,2025,2,280,12500,1,1,2,1
STU_0725,3.32,5,3,7,10-15K,0,0,1,1,0,9,2024,3,51,12500,1,1,2,1
STU_0726,3.47,15,6,11,Below 10k,0,0,0,1,0,11,2024,4,91,8000,1,2,1,0
STU_0727,3.25,16,4,12,Below 10k,1,0,0,1,0,5,2025,2,275,8000,1,1,1,1
STU_0728,3.25,9,2,6,10-15K,1,0,1,1,0,10,2024,4,72,12500,1,1,2,1
STU_0729,3.29,17,2,6,16-20K,1,0,2,1,1,1,2025,1,164,18000,1,1,3,1
STU_0730,2.55,9,0,2,Below 10k,1,0,0,1,0,6,2025,2,322,8000,1,0,1,0
STU_0731,3.15,21,0,15,Below 10k,1,0,0,1,0,5,2025,2,272,8000,1,1,1,1
STU_0732,3.43,6,1,17,10-15K,1,0,1,1,0,2,2025,1,201,12500,1,2,2,0
STU_0733,3.31,7,7,0,10-15K,1,0,1,1,0,12,2024,4,145,12500,1,1,2,1
STU_0734,3.72,16,6,13,10-15K,0,0,1,2,0,2,2025,1,186,12500,1,2,3,1
STU_0735,3.1,13,5,8,10-15K,1,0,1,1,0,5,2025,2,272,12500,1,1,2,1
STU_0736,3.4,22,3,7,Below 10k,1,0,0,1,0,5,2025,2,282,8000,1,2,1,0
STU_0737,3.42,13,5,8,Below 10k,0,0,0,1,0,5,2025,2,296,8000,1,2,1,0
STU_0738,3.4,16,4,12,Below 10k,0,0,0,1,0,9,2024,3,25,8000,1,2,1,0
STU_0739,3.45,5,1,10,Below 10k,0,0,0,1,1,3,2025,1,212,8000,1,2,1,0
STU_0740,3.26,12,3,7,Below 10k,1,0,0,1,0,5,2025,2,294,8000,1,1,1,1
STU_0741,3.24,2,5,8,16-20K,0,0,2,1,0,1,2025,1,172,18000,1,1,3,1
STU_0742,3.13,9,0,5,10-15K,1,0,1,1,0,11,2024,4,100,12500,1,1,2,1
STU_0743,3.2,17,2,6,Below 10k,0,0,0,1,0,12,2024,4,126,8000,1,1,1,1
STU_0744,3.88,2,5,8,Below 10k,0,0,0,2,0,9,2024,3,25,8000,1,2,2,1
STU_0745,3.49,18,0,15,16-20K,0,0,2,1,0,4,2025,2,241,18000,1,2,3,0
STU_0746,3.11,22,3,7,10-15K,0,0,1,1,0,1,2025,1,159,12500,1,1,2,1
STU_0747,3.31,0,1,16,16-20K,1,0,2,1,0,11,2024,4,91,18000,1,1,3,1
STU_0748,3.42,15,6,13,10-15K,1,0,1,1,0,11,2024,4,94,12500,1,2,2,0
STU_0749,3.48,5,3,7,Below 10k,0,0,0,1,0,3,2025,1,233,8000,1,2,1,0
STU_0750,2.6,14,4,12,16-20K,0,0,2,1,0,12,2024,4,116,18000,1,0,3,0
STU_0751,3.44,7,7,0,16-20K,0,0,2,1,0,11,2024,4,98,18000,1,2,3,0
STU_0752,3.41,20,1,17,10-15K,0,0,1,1,0,5,2025,2,267,12500,1,2,2,0
STU_0753,3.25,13,0,4,Below 10k,0,0,0,1,0,5,2025,2,284,8000,1,1,1,1
STU_0754,3.81,7,1,16,Below 10k,1,0,0,2,0,4,2025,2,243,8000,1,2,2,1
STU_0755,3.43,10,2,6,Below 10k,0,0,0,1,0,2,2025,1,192,8000,1,2,1,0
STU_0756,3.26,13,5,8,10-15K,1,0,1,1,0,6,2025,2,302,12500,1,1,2,1
STU_0757,3.3,2,5,8,Below 10k,0,0,0,1,0,12,2024,4,130,8000,1,1,1,1
STU_0758,3.47,13,5,8,16-20K,0,0,2,1,0,12,2024,4,125,18000,1,2,3,0
STU_0759,3.26,6,6,11,10-15K,0,0,1,1,0,3,2025,1,229,12500,1,1,2,1
STU_0760,3.3,0,7,0,16-20K,1,0,2,1,1,4,2025,2,259,18000,1,1,3,1
STU_0761,3.45,4,4,12,10-15K,1,0,1,1,0,3,2025,1,227,12500,1,2,2,0
STU_0762,3.27,17,2,6,10-15K,1,0,1,1,0,1,2025,1,147,12500,1,1,2,1
STU_0763,3.19,5,3,7,Below 10k,1,0,0,1,0,3,2025,1,233,8000,1,1,1,1
STU_0764,3.84,1,4,12,16-20K,0,0,2,2,0,5,2025,2,283,18000,1,2,4,1
STU_0765,3.46,16,4,12,16-20K,0,0,2,1,0,10,2024,4,54,18000,1,2,3,0
STU_0766,3.25,16,6,3,10-15K,0,0,1,1,0,12,2024,4,118,12500,1,1,2,1
STU_0767,3.36,19,6,11,10-15K,1,0,1,1,0,3,2025,1,223,12500,1,1,2,1
STU_0768,3.37,6,6,13,Below 10k,1,0,0,1,0,5,2025,2,291,8000,1,1,1,1
STU_0769,3.3,8,7,0,10-15K,1,0,1,1,0,4,2025,2,236,12500,1,1,2,1
STU_0770,2.88,19,6,1,Below 10k,1,0,0,1,0,12,2024,4,128,8000,1,0,1,0
STU_0771,3.35,16,4,12,10-15K,0,0,1,1,0,9,2024,3,53,12500,1,1,2,1
STU_0772,2.7,7,3,7,Below 10k,0,0,0,1,0,6,2025,2,298,8000,1,0,1,0
STU_0773,3.2,9,2,6,Below 10k,0,0,0,1,0,11,2024,4,109,8000,1,1,1,1
STU_0774,3.15,10,2,6,10-15K,0,0,1,1,0,4,2025,2,236,12500,1,1,2,1
STU_0775,3.48,16,4,12,16-20K,1,0,2,1,1,11,2024,4,88,18000,1,2,3,0
STU_0776,3.33,9,2,6,Below 10k,1,0,0,1,0,1,2025,1,166,8000,1,1,1,1
STU_0777,3.18,8,7,0,Below 10k,1,0,0,1,0,8,2024,3,9,8000,1,1,1,1
STU_0778,2.23,12,6,3,16-20K,0,0,2,0,0,3,2025,1,228,18000,1,0,2,1
STU_0779,3.41,2,5,8,10-15K,0,0,1,1,0,2,2025,1,194,12500,1,2,2,0
STU_0780,3.14,16,6,1,Below 10k,1,0,0,1,0,12,2024,4,116,8000,1,1,1,1
STU_0781,3.4,3,2,6,Below 10k,0,0,0,1,0,4,2025,2,262,8000,1,2,1,0
STU_0782,3.21,12,3,7,Below 10k,0,0,0,1,0,12,2024,4,130,8000,1,1,1,1
STU_0783,3.85,3,2,6,10-15K,0,0,1,2,0,4,2025,2,240,12500,1,2,3,1
STU_0784,2.55,22,3,7,Below 10k,0,0,0,1,0,10,2024,4,79,8000,1,0,1,0
STU_0785,3.46,11,5,8,Below 10k,1,0,0,1,0,9,2024,3,30,8000,1,2,1,0
STU_0786,3.23,18,0,4,16-20K,1,0,2,1,1,11,2024,4,112,18000,1,1,3,1
STU_0787,3.25,9,2,6,Below 10k,1,0,0,1,0,12,2024,4,132,8000,1,1,1,1
STU_0788,3.2,9,2,6,Below 10k,0,0,0,1,0,8,2024,3,9,8000,1,1,1,1
STU_0789,3.19,12,3,7,Below 10k,0,0,0,1,0,6,2025,2,326,8000,1,1,1,1
STU_0790,3.17,6,1,10,Below 10k,0,0,0,1,0,12,2024,4,117,8000,1,1,1,1
STU_0791,3.37,7,1,16,Below 10k,1,0,0,1,0,9,2024,3,27,8000,1,1,1,1
STU_0792,3.69,1,4,12,16-20K,1,0,2,2,1,11,2024,4,114,18000,1,2,4,1
STU_0793,2.99,5,0,2,16-20K,0,0,2,1,0,3,2025,1,227,18000,1,0,3,0
STU_0794,2.51,6,6,1,Below 10k,1,0,0,1,0,3,2025,1,208,8000,1,0,1,0
STU_0795,3.42,12,3,7,Below 10k,1,0,0,1,0,2,2025,1,185,8000,1,2,1,0
STU_0796,3.31,7,3,7,Below 10k,1,0,0,1,0,8,2024,3,8,8000,1,1,1,1
STU_0797,3.39,5,0,14,10-15K,1,0,1,1,0,11,2024,4,102,12500,1,1,2,1
STU_0798,3.48,9,2,6,16-20K,1,0,2,1,1,3,2025,1,213,18000,1,2,3,0
STU_0799,3.88,9,2,6,Below 10k,0,0,0,2,0,4,2025,2,242,8000,1,2,2,1
STU_0800,3.14,22,3,7,16-20K,0,0,2,1,0,12,2024,4,123,18000,1,1,3,1
STU_0801,3.24,0,7,0,16-20K,1,0,2,1,1,3,2025,1,212,18000,1,1,3,1
STU_0802,3.21,5,3,7,Below 10k,1,0,0,1,0,3,2025,1,232,8000,1,1,1,1
STU_0803,3.19,7,1,10,Below 10k,1,0,0,1,0,3,2025,1,212,8000,1,1,1,1
STU_0804,3.57,1,4,12,Below 10k,0,0,0,2,0,11,2024,4,97,8000,1,2,2,1
STU_0805,3.1,7,3,7,16-20K,1,0,2,1,1,11,2024,4,107,18000,1,1,3,1
STU_0806,3.37,0,7,0,Below 10k,0,0,0,1,1,5,2025,2,280,8000,1,1,1,1
STU_0807,3.9,5,3,7,Below 10k,0,0,0,2,0,11,2024,4,109,8000,1,2,2,1
STU_0808,3.24,7,3,7,Below 10k,0,0,0,1,0,11,2024,4,102,8000,1,1,1,1
STU_0809,3.36,16,4,12,16-20K,0,0,2,1,0,1,2025,1,153,18000,1,1,3,1
STU_0810,3.46,17,2,6,10-15K,1,0,1,1,0,11,2024,4,97,12500,1,2,2,0
STU_0811,3.28,9,7,0,10-15K,0,0,1,1,0,12,2024,4,131,12500,1,1,2,1
STU_0812,3.11,9,2,6,Below 10k,1,0,0,1,0,1,2025,1,164,8000,1,1,1,1
STU_0813,3.2,21,0,15,Below 10k,0,0,0,1,0,6,2025,2,308,8000,1,1,1,1
STU_0814,3.18,12,3,7,Below 10k,0,0,0,1,0,11,2024,4,104,8000,1,1,1,1
STU_0815,3.21,13,5,8,16-20K,1,0,2,1,1,1,2025,1,176,18000,1,1,3,1
STU_0816,2.93,7,1,10,Below 10k,1,0,0,1,0,12,2024,4,120,8000,1,0,1,0
STU_0817,3.3,9,7,0,10-15K,1,0,1,1,0,4,2025,2,242,12500,1,1,2,1
STU_0818,3.28,10,7,0,16-20K,1,0,2,1,1,1,2025,1,163,18000,1,1,3,1
STU_0819,3.47,5,1,17,16-20K,0,0,2,1,0,8,2024,3,22,18000,1,2,3,0
STU_0820,3.4,2,5,8,16-20K,1,0,2,1,1,9,2024,3,37,18000,1,2,3,0
STU_0821,2.68,8,7,0,16-20K,1,0,2,1,0,3,2025,1,232,18000,1,0,3,0
STU_0822,3.26,13,0,4,16-20K,0,0,2,1,0,4,2025,2,262,18000,1,1,3,1
STU_0823,3.16,14,4,12,16-20K,1,0,2,1,1,3,2025,1,227,18000,1,1,3,1
STU_0824,3.49,13,0,4,10-15K,0,0,1,1,0,4,2025,2,249,12500,1,2,2,0
STU_0825,3.36,0,7,0,Below 10k,0,0,0,1,0,6,2025,2,302,8000,1,1,1,1
STU_0826,2.73,3,2,6,16-20K,1,0,2,1,0,5,2025,2,295,18000,1,0,3,0
STU_0827,3.48,13,5,8,16-20K,0,0,2,1,0,2,2025,1,196,18000,1,2,3,0
STU_0828,3.51,16,6,11,16-20K,0,0,2,2,0,9,2024,3,37,18000,1,2,4,1
STU_0829,2.63,5,1,17,16-20K,0,0,2,1,0,3,2025,1,223,18000,1,0,3,0
STU_0830,3.47,9,2,6,16-20K,1,0,2,1,1,3,2025,1,207,18000,1,2,3,0
STU_0831,2.62,8,7,0,Below 10k,0,0,0,1,0,11,2024,4,104,8000,1,0,1,0
STU_0832,3.33,2,5,8,10-15K,1,0,1,1,0,11,2024,4,110,12500,1,1,2,1
STU_0833,3.06,11,5,8,Below 10k,0,0,0,1,0,3,2025,1,226,8000,1,1,1,1
STU_0834,3.46,6,1,10,10-15K,1,0,1,1,0,3,2025,1,225,12500,1,2,2,0
STU_0835,3.47,12,3,7,10-15K,0,0,1,1,0,6,2025,2,311,12500,1,2,2,0
STU_0836,2.54,13,5,8,16-20K,1,0,2,1,1,1,2025,1,159,18000,1,0,3,0
STU_0837,3.11,5,0,4,16-20K,0,0,2,1,0,3,2025,1,211,18000,1,1,3,1
STU_0838,3.45,5,3,7,16-20K,1,0,2,1,1,5,2025,2,279,18000,1,2,3,0
STU_0839,2.43,14,4,12,Below 10k,1,0,0,0,0,3,2025,1,210,8000,1,0,0,1
STU_0840,3.85,1,4,12,Below 10k,1,0,0,2,0,8,2024,3,16,8000,1,2,2,1
STU_0841,3.14,4,4,12,10-15K,0,0,1,1,0,3,2025,1,221,12500,1,1,2,1
STU_0842,3.9,11,5,8,10-15K,1,0,1,2,0,4,2025,2,262,12500,1,2,3,1
STU_0843,3.2,16,4,12,16-20K,0,0,2,1,0,6,2025,2,321,18000,1,1,3,1
STU_0844,2.9,9,0,15,10-15K,0,0,1,1,0,5,2025,2,289,12500,1,0,2,0
STU_0845,2.9,7,1,16,16-20K,1,0,2,1,1,2,2025,1,187,18000,1,0,3,0
STU_0846,3.38,13,5,8,Below 10k,0,0,0,1,0,9,2024,3,33,8000,1,1,1,1
STU_0847,3.9,21,0,2,Below 10k,1,0,0,2,0,8,2024,3,15,8000,1,2,2,1
STU_0848,3.15,15,6,13,Below 10k,1,0,0,1,0,2,2025,1,201,8000,1,1,1,1
STU_0849,3.69,16,4,12,10-15K,0,0,1,2,0,9,2024,3,41,12500,1,2,3,1
STU_0850,3.06,5,3,7,16-20K,0,0,2,1,0,8,2024,3,3,18000,1,1,3,1
STU_0851,3.12,7,1,17,Below 10k,1,0,0,1,0,9,2024,3,46,8000,1,1,1,1
STU_0852,3.28,5,0,14,Below 10k,1,0,0,1,0,3,2025,1,221,8000,1,1,1,1
STU_0853,3.22,9,7,0,16-20K,0,0,2,1,0,11,2024,4,111,18000,1,1,3,1
STU_0854,3.25,22,3,7,Below 10k,1,0,0,1,0,4,2025,2,247,8000,1,1,1,1
STU_0855,3.21,20,1,10,Below 10k,0,0,0,1,0,3,2025,1,207,8000,1,1,1,1
STU_0856,3.21,21,0,5,10-15K,1,0,1,1,0,11,2024,4,109,12500,1,1,2,1
STU_0857,3.01,2,5,8,10-15K,0,0,1,1,0,9,2024,3,28,12500,1,1,2,1
STU_0858,2.61,12,6,11,Below 10k,0,0,0,1,0,10,2024,4,75,8000,1,0,1,0
STU_0859,3.36,10,7,0,Below 10k,0,0,0,1,0,1,2025,1,171,8000,1,1,1,1
STU_0860,3.23,1,4,12,Below 10k,0,0,0,1,0,9,2024,3,44,8000,1,1,1,1
STU_0861,3.36,15,6,9,Below 10k,0,0,0,1,1,4,2025,2,255,8000,1,1,1,1
STU_0862,3.83,11,5,8,16-20K,1,0,2,2,1,10,2024,4,73,18000,1,2,4,1
STU_0863,2.51,16,4,12,10-15K,1,0,1,1,0,6,2025,2,298,12500,1,0,2,0
STU_0864,3.33,7,7,0,16-20K,1,0,2,1,1,9,2024,3,36,18000,1,1,3,1
STU_0865,3.29,13,5,8,10-15K,1,0,1,1,0,10,2024,4,59,12500,1,1,2,1
STU_0866,3.29,12,6,11,16-20K,1,0,2,1,1,3,2025,1,232,18000,1,1,3,1
STU_0867,3.57,22,3,7,16-20K,1,0,2,2,1,11,2024,4,89,18000,1,2,4,1
STU_0868,3.47,13,5,8,Below 10k,1,0,0,1,0,3,2025,1,208,8000,1,2,1,0
STU_0869,3.14,20,1,16,Below 10k,0,0,0,1,0,10,2024,4,64,8000,1,1,1,1
STU_0870,3.38,13,0,4,16-20K,1,0,2,1,1,4,2025,2,236,18000,1,1,3,1
STU_0871,2.46,16,6,13,10-15K,1,0,1,0,0,12,2024,4,137,12500,1,0,1,1
STU_0872,3.47,6,1,16,Below 10k,0,0,0,1,0,9,2024,3,26,8000,1,2,1,0
STU_0873,3.21,3,2,6,16-20K,0,0,2,1,0,12,2024,4,122,18000,1,1,3,1
STU_0874,3.32,9,2,6,16-20K,1,0,2,1,1,6,2025,2,318,18000,1,1,3,1
STU_0875,3.0,4,4,12,16-20K,0,0,2,1,0,11,2024,4,113,18000,1,1,3,1
STU_0876,2.12,8,7,0,Below 10k,1,0,0,0,0,2,2025,1,182,8000,1,0,0,1
STU_0877,3.36,9,2,6,16-20K,1,0,2,1,1,9,2024,3,48,18000,1,1,3,1
STU_0878,2.81,12,6,11,Below 10k,1,0,0,1,0,8,2024,3,11,8000,1,0,1,0
STU_0879,2.61,1,4,12,Below 10k,0,0,0,1,0,3,2025,1,210,8000,1,0,1,0
STU_0880,3.38,6,6,1,16-20K,0,0,2,1,0,10,2024,4,60,18000,1,1,3,1
STU_0881,3.17,16,6,1,10-15K,1,0,1,1,0,10,2024,4,77,12500,1,1,2,1
STU_0882,2.64,12,6,1,16-20K,0,0,2,1,0,1,2025,1,148,18000,1,0,3,0
STU_0883,3.19,10,7,0,16-20K,0,0,2,1,0,3,2025,1,228,18000,1,1,3,1
STU_0884,3.36,3,2,6,16-20K,0,0,2,1,0,9,2024,3,38,18000,1,1,3,1
STU_0885,3.34,1,4,12,Below 10k,1,0,0,1,0,1,2025,1,148,8000,1,1,1,1
STU_0886,3.35,17,2,6,16-20K,0,0,2,1,0,11,2024,4,100,18000,1,1,3,1
STU_0887,2.5,3,2,6,10-15K,1,0,1,1,0,5,2025,2,283,12500,1,0,2,0
STU_0888,3.26,13,5,8,16-20K,0,0,2,1,0,11,2024,4,106,18000,1,1,3,1
STU_0889,2.71,13,0,15,16-20K,1,0,2,1,1,10,2024,4,80,18000,1,0,3,0
STU_0890,3.22,5,0,2,16-20K,1,0,2,1,1,5,2025,2,280,18000,1,1,3,1
STU_0891,2.84,6,1,17,Below 10k,1,0,0,1,0,5,2025,2,289,8000,1,0,1,0
STU_0892,3.37,7,3,7,16-20K,1,0,2,1,1,4,2025,2,247,18000,1,1,3,1
STU_0893,3.11,12,3,7,10-15K,0,0,1,1,0,4,2025,2,251,12500,1,1,2,1
STU_0894,3.39,21,0,5,10-15K,0,0,1,1,0,11,2024,4,91,12500,1,1,2,1
STU_0895,2.55,17,2,6,16-20K,0,0,2,1,0,5,2025,2,291,18000,1,0,3,0
STU_0896,3.35,2,5,8,10-15K,1,0,1,1,0,8,2024,3,4,12500,1,1,2,1
STU_0897,2.93,22,3,7,16-20K,0,0,2,1,0,5,2025,2,270,18000,1,0,3,0
STU_0898,3.49,16,6,3,16-20K,1,0,2,1,1,1,2025,1,172,18000,1,2,3,0
STU_0899,3.5,6,6,13,Below 10k,1,0,0,2,0,10,2024,4,69,8000,1,2,2,1
STU_0900,3.44,9,2,6,10-15K,1,0,1,1,0,6,2025,2,326,12500,1,2,2,0
STU_0901,3.22,2,5,8,Below 10k,1,0,0,1,0,5,2025,2,270,8000,1,1,1,1
STU_0902,3.29,2,5,8,16-20K,0,0,2,1,0,10,2024,4,74,18000,1,1,3,1
STU_0903,3.45,3,2,6,Below 10k,1,0,0,1,0,3,2025,1,214,8000,1,2,1,0
STU_0904,2.58,20,1,10,Below 10k,0,0,0,1,0,5,2025,2,288,8000,1,0,1,0
STU_0905,3.18,9,2,6,Below 10k,1,0,0,1,0,11,2024,4,103,8000,1,1,1,1
STU_0906,3.31,16,6,9,16-20K,0,0,2,1,0,4,2025,2,236,18000,1,1,3,1
STU_0907,3.42,20,1,16,10-15K,1,0,1,1,0,5,2025,2,273,12500,1,2,2,0
STU_0908,3.39,6,6,9,16-20K,0,0,2,1,0,9,2024,3,25,18000,1,1,3,1
STU_0909,3.27,12,3,7,Below 10k,0,0,0,1,0,6,2025,2,297,8000,1,1,1,1
STU_0910,2.83,12,3,7,10-15K,1,0,1,1,0,11,2024,4,85,12500,1,0,2,0
STU_0911,3.32,7,1,16,16-20K,1,0,2,1,1,11,2024,4,86,18000,1,1,3,1
STU_0912,3.87,12,6,3,10-15K,0,0,1,2,0,3,2025,1,217,12500,1,2,3,1
STU_0913,2.59,17,2,6,Below 10k,1,0,0,1,0,10,2024,4,56,8000,1,0,1,0
STU_0914,3.25,16,4,12,16-20K,1,0,2,1,1,4,2025,2,253,18000,1,1,3,1
STU_0915,3.28,9,7,0,16-20K,0,0,2,1,0,1,2025,1,174,18000,1,1,3,1
STU_0916,3.12,10,7,0,10-15K,1,0,1,1,0,5,2025,2,271,12500,1,1,2,1
STU_0917,2.4,13,0,15,10-15K,1,0,1,0,0,3,2025,1,225,12500,1,0,1,1
STU_0918,3.44,14,4,12,16-20K,1,0,2,1,0,2,2025,1,180,18000,1,2,3,0
STU_0919,2.78,10,2,6,Below 10k,1,0,0,1,0,9,2024,3,44,8000,1,0,1,0
STU_0920,2.91,9,2,6,10-15K,0,0,1,1,0,9,2024,3,48,12500,1,0,2,0
STU_0921,3.19,6,1,17,16-20K,0,0,2,1,0,8,2024,3,22,18000,1,1,3,1
STU_0922,2.77,12,6,3,Below 10k,0,0,0,1,0,5,2025,2,285,8000,1,0,1,0
STU_0923,2.59,13,5,8,Below 10k,0,0,0,1,0,2,2025,1,186,8000,1,0,1,0
STU_0924,3.33,7,3,7,16-20K,1,0,2,1,1,12,2024,4,135,18000,1,1,3,1
STU_0925,3.14,14,4,12,Below 10k,0,0,0,1,0,8,2024,3,7,8000,1,1,1,1
STU_0926,3.42,11,5,8,10-15K,0,0,1,1,0,4,2025,2,246,12500,1,2,2,0
STU_0927,3.21,2,5,8,16-20K,0,0,2,1,0,2,2025,1,196,18000,1,1,3,1
STU_0928,3.45,17,2,6,16-20K,0,0,2,1,0,5,2025,2,295,18000,1,2,3,0
STU_0929,3.34,8,7,0,10-15K,1,0,1,1,0,3,2025,1,226,12500,1,1,2,1
STU_0930,3.16,7,3,7,10-15K,0,0,1,1,0,4,2025,2,245,12500,1,1,2,1
STU_0931,3.35,12,3,7,10-15K,1,0,1,1,0,1,2025,1,170,12500,1,1,2,1
STU_0932,3.48,12,6,9,Below 10k,0,0,0,1,0,12,2024,4,122,8000,1,2,1,0
STU_0933,3.05,3,2,6,10-15K,1,0,1,1,0,4,2025,2,265,12500,1,1,2,1
STU_0934,3.14,9,0,5,10-15K,1,0,1,1,0,9,2024,3,28,12500,1,1,2,1
STU_0935,3.13,5,1,16,10-15K,0,0,1,1,0,1,2025,1,172,12500,1,1,2,1
STU_0936,3.35,10,7,0,16-20K,0,0,2,1,0,1,2025,1,163,18000,1,1,3,1
STU_0937,3.3,15,6,1,16-20K,0,0,2,1,0,9,2024,3,33,18000,1,1,3,1
STU_0938,3.22,12,3,7,10-15K,0,0,1,1,0,10,2024,4,64,12500,1,1,2,1
STU_0939,3.38,21,0,2,16-20K,1,0,2,1,1,9,2024,3,29,18000,1,1,3,1
STU_0940,3.29,9,2,6,16-20K,1,0,2,1,1,2,2025,1,200,18000,1,1,3,1
STU_0941,3.21,10,2,6,Below 10k,1,0,0,1,0,9,2024,3,25,8000,1,1,1,1
STU_0942,3.0,13,0,4,10-15K,1,0,1,1,0,4,2025,2,252,12500,1,1,2,1
STU_0943,2.86,8,7,0,Below 10k,1,0,0,1,0,11,2024,4,98,8000,1,0,1,0
STU_0944,2.11,10,2,6,Below 10k,1,0,0,0,0,1,2025,1,160,8000,1,0,0,1
STU_0945,2.86,22,3,7,10-15K,1,0,1,1,0,3,2025,1,229,12500,1,0,2,0
STU_0946,3.46,9,7,0,10-15K,0,0,1,1,0,11,2024,4,108,12500,1,2,2,0
STU_0947,3.45,6,6,3,10-15K,1,0,1,1,0,4,2025,2,258,12500,1,2,2,0
STU_0948,3.45,4,4,12,10-15K,1,0,1,1,0,4,2025,2,253,12500,1,2,2,0
STU_0949,3.3,6,1,16,10-15K,0,0,1,1,0,1,2025,1,170,12500,1,1,2,1
STU_0950,2.7,4,4,12,10-15K,1,0,1,1,0,4,2025,2,262,12500,1,0,2,0
STU_0951,2.92,7,3,7,10-15K,0,0,1,1,0,11,2024,4,103,12500,1,0,2,0
STU_0952,3.49,11,5,8,16-20K,1,0,2,1,1,4,2025,2,236,18000,1,2,3,0
STU_0953,3.48,9,2,6,10-15K,1,0,1,1,0,9,2024,3,31,12500,1,2,2,0
STU_0954,3.23,6,6,1,10-15K,0,0,1,1,0,6,2025,2,314,12500,1,1,2,1
STU_0955,3.35,14,4,12,10-15K,1,0,1,1,0,11,2024,4,107,12500,1,1,2,1
STU_0956,2.99,12,6,3,16-20K,1,0,2,1,1,12,2024,4,131,18000,1,0,3,0
STU_0957,3.16,3,2,6,Below 10k,1,0,0,1,0,1,2025,1,166,8000,1,1,1,1
STU_0958,3.93,12,3,7,10-15K,0,0,1,2,0,10,2024,4,83,12500,1,2,3,1
STU_0959,3.29,1,4,12,10-15K,1,0,1,1,0,5,2025,2,273,12500,1,1,2,1
STU_0960,3.12,10,7,0,16-20K,0,0,2,1,0,5,2025,2,281,18000,1,1,3,1
STU_0961,2.84,7,7,0,16-20K,1,0,2,1,1,11,2024,4,102,18000,1,0,3,0
STU_0962,3.36,22,3,7,Below 10k,1,0,0,1,0,6,2025,2,323,8000,1,1,1,1
STU_0963,3.79,5,1,10,16-20K,0,0,2,2,0,12,2024,4,145,18000,1,2,4,1
STU_0964,3.46,14,4,12,16-20K,0,0,2,1,0,10,2024,4,59,18000,1,2,3,0
STU_0965,3.11,0,7,0,10-15K,1,0,1,1,0,1,2025,1,160,12500,1,1,2,1
STU_0966,2.91,0,1,16,Below 10k,0,0,0,1,0,12,2024,4,121,8000,1,0,1,0
STU_0967,3.21,1,4,12,16-20K,1,0,2,1,1,6,2025,2,299,18000,1,1,3,1
STU_0968,3.13,11,5,8,10-15K,0,0,1,1,0,10,2024,4,54,12500,1,1,2,1
STU_0969,3.28,11,5,8,16-20K,0,0,2,1,0,6,2025,2,301,18000,1,1,3,1
STU_0970,3.11,21,0,2,Below 10k,1,0,0,1,0,11,2024,4,108,8000,1,1,1,1
STU_0971,3.12,13,5,8,10-15K,1,0,1,1,0,4,2025,2,264,12500,1,1,2,1
STU_0972,2.74,18,0,4,10-15K,0,0,1,1,0,10,2024,4,82,12500,1,0,2,0
STU_0973,3.47,13,5,8,10-15K,0,0,1,1,0,4,2025,2,238,12500,1,2,2,0
STU_0974,3.29,12,6,13,10-15K,0,0,1,1,0,10,2024,4,82,12500,1,1,2,1
STU_0975,2.55,0,1,16,10-15K,1,0,1,1,0,1,2025,1,148,12500,1,0,2,0
STU_0976,3.33,10,2,6,16-20K,1,0,2,1,1,8,2024,3,3,18000,1,1,3,1
STU_0977,3.26,6,6,13,Below 10k,1,0,0,1,0,10,2024,4,68,8000,1,1,1,1
STU_0978,3.39,5,0,4,Below 10k,0,0,0,1,0,2,2025,1,204,8000,1,1,1,1
STU_0979,3.44,3,2,6,10-15K,0,0,1,1,0,4,2025,2,261,12500,1,2,2,0
STU_0980,3.18,12,3,7,10-15K,0,0,1,1,0,10,2024,4,64,12500,1,1,2,1
STU_0981,3.1,14,4,12,16-20K,0,0,2,1,0,6,2025,2,306,18000,1,1,3,1
STU_0982,3.21,13,5,8,16-20K,0,0,2,1,1,5,2025,2,285,18000,1,1,3,1
STU_0983,3.34,2,5,8,Below 10k,1,0,0,1,0,3,2025,1,208,8000,1,1,1,1
STU_0984,3.48,8,7,0,Below 10k,1,0,0,1,0,1,2025,1,166,8000,1,2,1,0
STU_0985,3.08,16,4,12,16-20K,0,0,2,1,0,10,2024,4,63,18000,1,1,3,1
STU_0986,3.41,12,3,7,16-20K,1,0,2,1,1,9,2024,3,39,18000,1,2,3,0
STU_0987,3.2,0,7,0,Below 10k,1,0,0,1,0,1,2025,1,162,8000,1,1,1,1
STU_0988,3.16,12,3,7,10-15K,0,0,1,1,0,6,2025,2,319,12500,1,1,2,1
STU_0989,3.14,6,1,10,16-20K,1,0,2,1,1,9,2024,3,50,18000,1,1,3,1
STU_0990,3.95,13,0,15,10-15K,1,0,1,2,1,3,2025,1,219,12500,1,2,3,1
STU_0991,3.1,0,7,0,16-20K,1,0,2,1,1,12,2024,4,115,18000,1,1,3,1
STU_0992,3.2,9,2,6,Below 10k,0,0,0,1,1,9,2024,3,52,8000,1,1,1,1
STU_0993,2.8,10,2,6,16-20K,0,0,2,1,1,10,2024,4,76,18000,1,0,3,0
STU_0994,3.28,2,5,8,10-15K,1,0,1,1,0,12,2024,4,120,12500,1,1,2,1
STU_0995,3.26,9,2,6,16-20K,0,0,2,1,0,8,2024,3,12,18000,1,1,3,1
STU_0996,3.14,19,6,13,10-15K,1,0,1,1,0,4,2025,2,237,12500,1,1,2,1
STU_0997,3.94,12,6,13,10-15K,0,0,1,2,0,3,2025,1,205,12500,1,2,3,1
STU_0998,3.4,5,1,17,Below 10k,1,0,0,1,0,4,2025,2,247,8000,1,2,1,0
STU_0999,2.93,12,3,7,Below 10k,0,0,0,1,0,1,2025,1,168,8000,1,0,1,0
STU_1000,3.12,9,0,5,Below 10k,0,0,0,1,0,11,2024,4,85,8000,1,1,1,1
STU_1001,3.02,10,2,6,Below 10k,0,0,0,1,0,3,2025,1,212,8000,1,1,1,1
STU_1002,3.47,6,1,10,10-15K,1,0,1,1,0,3,2025,1,223,12500,1,2,2,0
STU_1003,2.55,12,6,9,10-15K,1,0,1,1,0,3,2025,1,235,12500,1,0,2,0
STU_1004,3.32,5,0,15,16-20K,0,0,2,1,0,10,2024,4,58,18000,1,1,3,1
STU_1005,3.37,7,3,7,10-15K,1,0,1,1,0,3,2025,1,223,12500,1,1,2,1
STU_1006,3.36,21,0,15,16-20K,1,0,2,1,1,12,2024,4,125,18000,1,1,3,1
STU_1007,3.37,20,1,16,10-15K,0,0,1,1,0,3,2025,1,209,12500,1,1,2,1
STU_1008,3.01,0,1,10,Below 10k,1,0,0,1,0,6,2025,2,308,8000,1,1,1,1
STU_1009,3.24,6,1,10,16-20K,0,0,2,1,0,3,2025,1,217,18000,1,1,3,1
STU_1010,3.22,7,7,0,10-15K,1,0,1,1,0,4,2025,2,264,12500,1,1,2,1
STU_1011,3.24,5,1,10,16-20K,1,0,2,1,1,6,2025,2,308,18000,1,1,3,1
STU_1012,3.22,7,7,0,16-20K,1,0,2,1,1,10,2024,4,56,18000,1,1,3,1
STU_1013,3.47,5,3,7,16-20K,0,0,2,1,0,12,2024,4,141,18000,1,2,3,0
STU_1014,3.34,13,5,8,16-20K,0,0,2,1,0,6,2025,2,300,18000,1,1,3,1
STU_1015,3.26,22,3,7,Below 10k,0,0,0,1,0,3,2025,1,233,8000,1,1,1,1
STU_1016,3.42,0,1,17,10-15K,1,0,1,1,0,5,2025,2,269,12500,1,2,2,0
STU_1017,3.38,11,5,8,10-15K,1,0,1,1,0,12,2024,4,117,12500,1,1,2,1
STU_1018,3.36,11,5,8,16-20K,1,0,2,1,1,11,2024,4,102,18000,1,1,3,1
STU_1019,3.4,5,1,10,16-20K,0,0,2,1,0,8,2024,3,18,18000,1,2,3,0
STU_1020,3.04,6,6,1,10-15K,0,0,1,1,0,1,2025,1,156,12500,1,1,2,1
STU_1021,3.45,12,3,7,Below 10k,1,0,0,1,0,12,2024,4,125,8000,1,2,1,0
STU_1022,2.51,3,2,6,10-15K,1,0,1,1,0,5,2025,2,272,12500,1,0,2,0
STU_1023,3.42,17,2,6,16-20K,0,0,2,1,0,11,2024,4,98,18000,1,2,3,0
STU_1024,3.25,12,3,7,Below 10k,1,0,0,1,0,5,2025,2,286,8000,1,1,1,1
STU_1025,3.66,12,3,7,Below 10k,0,0,0,2,0,9,2024,3,29,8000,1,2,2,1
STU_1026,2.9,12,6,11,16-20K,0,0,2,1,0,3,2025,1,217,18000,1,0,3,0
STU_1027,3.12,21,0,5,16-20K,0,0,2,1,0,12,2024,4,138,18000,1,1,3,1
STU_1028,3.47,11,5,8,10-15K,1,0,1,1,0,12,2024,4,121,12500,1,2,2,0
STU_1029,2.85,6,6,1,16-20K,1,0,2,1,1,3,2025,1,224,18000,1,0,3,0
STU_1030,2.97,0,7,0,16-20K,0,0,2,1,0,12,2024,4,116,18000,1,0,3,0
STU_1031,3.05,1,4,12,16-20K,1,0,2,1,1,3,2025,1,219,18000,1,1,3,1
STU_1032,3.42,5,1,10,16-20K,0,0,2,1,0,11,2024,4,102,18000,1,2,3,0
STU_1033,2.65,20,1,17,Below 10k,1,0,0,1,0,1,2025,1,153,8000,1,0,1,0
STU_1034,3.34,10,7,0,16-20K,0,0,2,1,0,10,2024,4,55,18000,1,1,3,1
STU_1035,3.08,7,3,7,Below 10k,1,0,0,1,0,5,2025,2,281,8000,1,1,1,1
STU_1036,3.24,14,4,12,16-20K,1,0,2,1,1,12,2024,4,115,18000,1,1,3,1
STU_1037,3.37,2,5,8,Below 10k,0,0,0,1,0,6,2025,2,300,8000,1,1,1,1
STU_1038,3.15,9,7,0,16-20K,0,0,2,1,0,1,2025,1,176,18000,1,1,3,1
STU_1039,3.16,6,6,9,16-20K,1,0,2,1,1,5,2025,2,274,18000,1,1,3,1
STU_1040,2.98,6,1,10,16-20K,0,0,2,1,0,1,2025,1,155,18000,1,0,3,0
STU_1041,3.24,2,5,8,Below 10k,0,0,0,1,0,3,2025,1,214,8000,1,1,1,1
STU_1042,3.18,7,1,10,Below 10k,0,0,0,1,0,1,2025,1,146,8000,1,1,1,1
STU_1043,3.47,0,7,0,16-20K,0,0,2,1,0,9,2024,3,35,18000,1,2,3,0
STU_1044,3.43,17,2,6,Below 10k,0,0,0,1,1,4,2025,2,260,8000,1,2,1,0
STU_1045,3.28,8,7,0,Below 10k,0,0,0,1,0,9,2024,3,25,8000,1,1,1,1
STU_1046,3.14,15,6,13,Below 10k,1,0,0,1,0,4,2025,2,261,8000,1,1,1,1
STU_1047,3.34,4,4,12,10-15K,0,0,1,1,0,3,2025,1,210,12500,1,1,2,1
STU_1048,2.05,7,3,7,Below 10k,1,0,0,0,0,4,2025,2,242,8000,1,0,0,1
STU_1049,3.88,3,2,6,Below 10k,0,0,0,2,0,5,2025,2,296,8000,1,2,2,1
STU_1050,3.29,9,0,14,Below 10k,0,0,0,1,0,12,2024,4,137,8000,1,1,1,1
STU_1051,3.0,5,1,17,16-20K,0,0,2,1,0,6,2025,2,309,18000,1,1,3,1
STU_1052,3.51,6,1,10,Below 10k,0,0,0,2,0,2,2025,1,197,8000,1,2,2,1
STU_1053,2.61,9,0,14,10-15K,0,0,1,1,0,11,2024,4,106,12500,1,0,2,0
STU_1054,3.1,5,3,7,10-15K,1,0,1,1,0,12,2024,4,125,12500,1,1,2,1
STU_1055,3.12,9,2,6,16-20K,0,0,2,1,0,9,2024,3,34,18000,1,1,3,1
STU_1056,3.4,4,4,12,10-15K,0,0,1,1,0,9,2024,3,51,12500,1,2,2,0
STU_1057,3.36,2,5,8,16-20K,0,0,2,1,0,12,2024,4,128,18000,1,1,3,1
STU_1058,2.62,5,1,16,16-20K,1,0,2,1,1,9,2024,3,39,18000,1,0,3,0
STU_1059,3.47,11,5,8,10-15K,0,0,1,1,0,3,2025,1,211,12500,1,2,2,0
STU_1060,3.15,6,1,10,10-15K,1,0,1,1,0,1,2025,1,166,12500,1,1,2,1
STU_1061,3.42,13,5,8,Below 10k,0,0,0,1,0,12,2024,4,137,8000,1,2,1,0
STU_1062,2.65,12,6,9,16-20K,0,0,2,1,0,10,2024,4,57,18000,1,0,3,0
STU_1063,3.21,16,6,1,10-15K,0,0,1,1,0,8,2024,3,6,12500,1,1,2,1
STU_1064,3.07,13,5,8,10-15K,1,0,1,1,0,9,2024,3,47,12500,1,1,2,1
STU_1065,3.19,6,6,9,Below 10k,1,0,0,1,0,6,2025,2,318,8000,1,1,1,1
STU_1066,3.46,21,0,2,10-15K,1,0,1,1,0,11,2024,4,89,12500,1,2,2,0
STU_1067,3.18,10,7,0,Below 10k,1,0,0,1,0,11,2024,4,95,8000,1,1,1,1
STU_1068,3.15,12,6,3,Below 10k,0,0,0,1,0,1,2025,1,146,8000,1,1,1,1
STU_1069,3.42,5,0,4,10-15K,1,0,1,1,0,3,2025,1,223,12500,1,2,2,0
STU_1070,3.11,12,3,7,16-20K,0,0,2,1,1,12,2024,4,125,18000,1,1,3,1
STU_1071,3.13,14,4,12,Below 10k,1,0,0,1,0,10,2024,4,81,8000,1,1,1,1
STU_1072,3.18,0,7,0,Below 10k,0,0,0,1,0,11,2024,4,91,8000,1,1,1,1
STU_1073,3.38,7,7,0,Below 10k,1,0,0,1,0,5,2025,2,275,8000,1,1,1,1
STU_1074,3.33,12,3,7,10-15K,0,0,1,1,0,4,2025,2,260,12500,1,1,2,1
STU_1075,2.6,15,6,13,10-15K,1,0,1,1,0,5,2025,2,289,12500,1,0,2,0
STU_1076,3.12,20,1,16,Below 10k,1,0,0,1,0,8,2024,3,17,8000,1,1,1,1
STU_1077,3.34,5,1,17,10-15K,0,0,1,1,0,1,2025,1,175,12500,1,1,2,1
STU_1078,3.9,13,0,2,10-15K,0,0,1,2,1,10,2024,4,55,12500,1,2,3,1
STU_1079,3.39,18,0,15,16-20K,1,0,2,1,1,6,2025,2,322,18000,1,1,3,1
STU_1080,3.35,22,3,7,10-15K,1,0,1,1,0,11,2024,4,97,12500,1,1,2,1
STU_1081,3.12,13,5,8,16-20K,0,0,2,1,0,11,2024,4,90,18000,1,1,3,1
STU_1082,3.32,10,7,0,10-15K,1,0,1,1,0,11,2024,4,100,12500,1,1,2,1
STU_1083,3.24,13,0,2,16-20K,0,0,2,1,0,6,2025,2,317,18000,1,1,3,1
STU_1084,3.38,5,3,7,Below 10k,0,0,0,1,0,8,2024,3,8,8000,1,1,1,1
STU_1085,3.35,6,6,11,Below 10k,0,0,0,1,0,12,2024,4,134,8000,1,1,1,1
STU_1086,3.23,17,2,6,Below 10k,1,0,0,1,0,11,2024,4,114,8000,1,1,1,1
STU_1087,3.16,10,2,6,10-15K,0,0,1,1,0,8,2024,3,8,12500,1,1,2,1
STU_1088,3.49,5,0,2,16-20K,1,0,2,1,1,5,2025,2,290,18000,1,2,3,0
STU_1089,3.06,9,7,0,Below 10k,0,0,0,1,0,5,2025,2,271,8000,1,1,1,1
STU_1090,3.49,7,7,0,16-20K,0,0,2,1,0,5,2025,2,284,18000,1,2,3,0
STU_1091,3.47,12,3,7,10-15K,1,0,1,1,0,8,2024,3,0,12500,1,2,2,0
STU_1092,2.92,13,5,8,Below 10k,0,0,0,1,0,4,2025,2,252,8000,1,0,1,0
STU_1093,3.29,1,4,12,Below 10k,0,0,0,1,0,11,2024,4,110,8000,1,1,1,1
STU_1094,3.19,6,6,1,10-15K,0,0,1,1,0,12,2024,4,120,12500,1,1,2,1
STU_1095,3.34,12,6,13,Below 10k,0,0,0,1,0,6,2025,2,312,8000,1,1,1,1
STU_1096,3.05,21,0,5,16-20K,1,0,2,1,1,12,2024,4,116,18000,1,1,3,1
STU_1097,3.32,18,0,15,16-20K,1,0,2,1,0,11,2024,4,87,18000,1,1,3,1
STU_1098,2.56,7,3,7,Below 10k,0,0,0,1,0,2,2025,1,191,8000,1,0,1,0
STU_1099,3.45,2,5,8,16-20K,0,0,2,1,0,3,2025,1,213,18000,1,2,3,0
STU_1100,3.92,2,5,8,10-15K,1,0,1,2,1,11,2024,4,114,12500,1,2,3,1
STU_1101,3.43,1,4,12,10-15K,0,0,1,1,0,1,2025,1,164,12500,1,2,2,0
STU_1102,2.74,20,1,17,16-20K,0,0,2,1,0,2,2025,1,192,18000,1,0,3,0
STU_1103,3.33,4,4,12,Below 10k,0,0,0,1,0,11,2024,4,94,8000,1,1,1,1
STU_1104,3.32,10,2,6,Below 10k,1,0,0,1,0,4,2025,2,258,8000,1,1,1,1
STU_1105,2.67,2,5,8,16-20K,1,0,2,1,1,9,2024,3,53,18000,1,0,3,0
STU_1106,3.49,18,0,2,16-20K,0,0,2,1,0,9,2024,3,33,18000,1,2,3,0
STU_1107,3.16,13,5,8,Below 10k,0,0,0,1,0,6,2025,2,307,8000,1,1,1,1
STU_1108,3.19,18,0,14,16-20K,0,0,2,1,0,8,2024,3,6,18000,1,1,3,1
STU_1109,3.93,22,3,7,10-15K,0,0,1,2,0,5,2025,2,294,12500,1,2,3,1
STU_1110,2.79,17,2,6,Below 10k,0,0,0,1,0,2,2025,1,190,8000,1,0,1,0
STU_1111,3.9,1,4,12,16-20K,0,0,2,2,0,6,2025,2,300,18000,1,2,4,1
STU_1112,2.8,6,6,1,16-20K,1,0,2,1,0,2,2025,1,201,18000,1,0,3,0
STU_1113,3.48,10,7,0,10-15K,0,0,1,1,0,10,2024,4,75,12500,1,2,2,0
STU_1114,3.31,10,2,6,Below 10k,0,0,0,1,0,10,2024,4,78,8000,1,1,1,1
STU_1115,3.17,9,2,6,Below 10k,0,0,0,1,0,8,2024,3,17,8000,1,1,1,1
STU_1116,3.29,5,1,10,16-20K,0,0,2,1,0,5,2025,2,271,18000,1,1,3,1
STU_1117,2.44,7,3,7,Below 10k,0,0,0,0,0,8,2024,3,21,8000,1,0,0,1
STU_1118,3.49,7,1,17,Below 10k,0,0,0,1,0,2,2025,1,204,8000,1,2,1,0
STU_1119,3.29,4,4,12,16-20K,0,0,2,1,0,6,2025,2,303,18000,1,1,3,1
STU_1120,3.17,2,5,8,16-20K,0,0,2,1,1,3,2025,1,206,18000,1,1,3,1
STU_1121,3.22,13,5,8,10-15K,1,0,1,1,0,9,2024,3,53,12500,1,1,2,1
STU_1122,3.32,4,4,12,16-20K,0,0,2,1,0,3,2025,1,209,18000,1,1,3,1
STU_1123,3.43,16,4,12,16-20K,0,0,2,1,0,9,2024,3,35,18000,1,2,3,0
STU_1124,3.15,11,5,8,16-20K,1,0,2,1,1,11,2024,4,97,18000,1,1,3,1
STU_1125,3.11,18,0,2,Below 10k,1,0,0,1,0,6,2025,2,316,8000,1,1,1,1
STU_1126,3.37,5,3,7,10-15K,1,0,1,1,0,9,2024,3,35,12500,1,1,2,1
STU_1127,3.1,16,6,13,16-20K,0,0,2,1,0,9,2024,3,40,18000,1,1,3,1
STU_1128,3.27,18,0,15,16-20K,1,0,2,1,1,9,2024,3,24,18000,1,1,3,1
STU_1129,2.86,16,4,12,10-15K,0,0,1,1,0,6,2025,2,312,12500,1,0,2,0
STU_1130,3.49,11,5,8,10-15K,1,0,1,1,0,12,2024,4,133,12500,1,2,2,0
STU_1131,3.29,0,1,16,Below 10k,0,0,0,1,0,10,2024,4,67,8000,1,1,1,1
STU_1132,3.34,3,2,6,10-15K,0,0,1,1,0,9,2024,3,48,12500,1,1,2,1
STU_1133,3.27,13,5,8,16-20K,1,0,2,1,1,9,2024,3,48,18000,1,1,3,1
STU_1134,3.1,7,7,0,Below 10k,1,0,0,1,0,10,2024,4,57,8000,1,1,1,1
STU_1135,3.21,7,1,16,10-15K,1,0,1,1,0,6,2025,2,307,12500,1,1,2,1
STU_1136,3.18,12,3,7,16-20K,0,0,2,1,0,6,2025,2,318,18000,1,1,3,1
STU_1137,3.4,7,7,0,Below 10k,0,0,0,1,0,9,2024,3,53,8000,1,2,1,0
STU_1138,3.21,2,5,8,10-15K,1,0,1,1,0,3,2025,1,225,12500,1,1,2,1
STU_1139,3.32,16,4,12,10-15K,0,0,1,1,0,1,2025,1,158,12500,1,1,2,1
STU_1140,3.35,0,7,0,16-20K,1,0,2,1,1,4,2025,2,252,18000,1,1,3,1
STU_1141,2.5,3,2,6,10-15K,0,0,1,1,0,1,2025,1,172,12500,1,0,2,0
STU_1142,3.4,0,1,16,10-15K,0,0,1,1,0,11,2024,4,94,12500,1,2,2,0
STU_1143,2.59,10,2,6,10-15K,0,0,1,1,0,4,2025,2,255,12500,1,0,2,0
STU_1144,3.16,20,1,10,10-15K,0,0,1,1,0,11,2024,4,108,12500,1,1,2,1
STU_1145,3.34,9,7,0,10-15K,1,0,1,1,0,10,2024,4,78,12500,1,1,2,1
STU_1146,3.11,2,5,8,Below 10k,0,0,0,1,0,11,2024,4,110,8000,1,1,1,1
STU_1147,3.93,0,1,10,Below 10k,1,0,0,2,0,6,2025,2,306,8000,1,2,2,1
STU_1148,3.44,5,1,16,Below 10k,0,0,0,1,0,12,2024,4,117,8000,1,2,1,0
STU_1149,2.9,11,5,8,Below 10k,1,0,0,1,0,2,2025,1,202,8000,1,0,1,0
STU_1150,2.73,7,3,7,10-15K,0,0,1,1,0,10,2024,4,59,12500,1,0,2,0
STU_1151,3.26,4,4,12,10-15K,0,0,1,1,0,8,2024,3,13,12500,1,1,2,1
STU_1152,3.32,16,6,13,Below 10k,0,0,0,1,0,3,2025,1,216,8000,1,1,1,1
STU_1153,3.37,6,1,17,10-15K,0,0,1,1,0,5,2025,2,282,12500,1,1,2,1
STU_1154,3.11,14,4,12,Below 10k,1,0,0,1,0,9,2024,3,39,8000,1,1,1,1
STU_1155,3.21,7,3,7,10-15K,1,0,1,1,0,1,2025,1,173,12500,1,1,2,1
STU_1156,3.86,5,3,7,16-20K,1,0,2,2,1,11,2024,4,99,18000,1,2,4,1
STU_1157,3.37,2,5,8,Below 10k,0,0,0,1,0,12,2024,4,119,8000,1,1,1,1
STU_1158,3.2,5,1,16,Below 10k,1,0,0,1,0,4,2025,2,256,8000,1,1,1,1
STU_1159,3.23,11,5,8,10-15K,0,0,1,1,0,3,2025,1,208,12500,1,1,2,1
STU_1160,3.42,16,4,12,10-15K,0,0,1,1,0,11,2024,4,90,12500,1,2,2,0
STU_1161,3.64,22,3,7,Below 10k,0,0,0,2,0,3,2025,1,223,8000,1,2,2,1
STU_1162,3.47,16,6,9,16-20K,1,0,2,1,1,4,2025,2,258,18000,1,2,3,0
STU_1163,3.49,5,0,15,Below 10k,1,0,0,1,0,5,2025,2,273,8000,1,2,1,0
STU_1164,3.3,17,2,6,16-20K,1,0,2,1,1,8,2024,3,4,18000,1,1,3,1
STU_1165,3.18,6,6,11,16-20K,0,0,2,1,0,11,2024,4,90,18000,1,1,3,1
STU_1166,2.82,16,6,3,16-20K,0,0,2,1,0,9,2024,3,51,18000,1,0,3,0
STU_1167,3.11,12,6,13,16-20K,0,0,2,1,0,11,2024,4,107,18000,1,1,3,1
STU_1168,3.28,9,7,0,Below 10k,0,0,0,1,0,1,2025,1,165,8000,1,1,1,1
STU_1169,3.85,4,4,12,Below 10k,1,0,0,2,0,2,2025,1,203,8000,1,2,2,1
STU_1170,3.35,12,3,7,10-15K,1,0,1,1,0,5,2025,2,279,12500,1,1,2,1
STU_1171,3.2,21,0,15,Below 10k,0,0,0,1,0,12,2024,4,137,8000,1,1,1,1
STU_1172,3.46,19,6,9,10-15K,0,0,1,1,1,9,2024,3,48,12500,1,2,2,0
STU_1173,3.27,18,0,2,10-15K,1,0,1,1,0,8,2024,3,3,12500,1,1,2,1
STU_1174,3.19,5,0,15,10-15K,0,0,1,1,1,10,2024,4,64,12500,1,1,2,1
STU_1175,3.21,10,2,6,10-15K,0,0,1,1,0,10,2024,4,79,12500,1,1,2,1
STU_1176,3.13,6,6,1,10-15K,0,0,1,1,0,12,2024,4,128,12500,1,1,2,1
STU_1177,2.54,16,4,12,10-15K,0,0,1,1,0,4,2025,2,243,12500,1,0,2,0
STU_1178,3.39,16,4,12,16-20K,0,0,2,1,1,6,2025,2,305,18000,1,1,3,1
STU_1179,3.27,13,0,2,Below 10k,0,0,0,1,0,3,2025,1,218,8000,1,1,1,1
STU_1180,3.32,19,6,13,Below 10k,0,0,0,1,0,8,2024,3,11,8000,1,1,1,1
STU_1181,2.48,6,1,16,16-20K,1,0,2,0,1,6,2025,2,300,18000,1,0,2,1
STU_1182,3.04,0,1,16,10-15K,0,0,1,1,0,11,2024,4,99,12500,1,1,2,1
STU_1183,3.47,9,2,6,Below 10k,1,0,0,1,0,1,2025,1,164,8000,1,2,1,0
STU_1184,3.19,12,3,7,Below 10k,1,0,0,1,0,10,2024,4,67,8000,1,1,1,1
STU_1185,3.39,1,4,12,16-20K,1,0,2,1,0,4,2025,2,256,18000,1,1,3,1
STU_1186,2.92,20,1,17,Below 10k,0,0,0,1,0,1,2025,1,166,8000,1,0,1,0
STU_1187,2.18,19,6,11,16-20K,0,0,2,0,0,12,2024,4,123,18000,1,0,2,1
STU_1188,3.24,22,3,7,10-15K,1,0,1,1,0,2,2025,1,202,12500,1,1,2,1
STU_1189,3.1,16,4,12,10-15K,1,0,1,1,0,3,2025,1,212,12500,1,1,2,1
STU_1190,3.16,14,4,12,10-15K,0,0,1,1,0,5,2025,2,291,12500,1,1,2,1
STU_1191,2.58,20,1,17,16-20K,0,0,2,1,0,9,2024,3,27,18000,1,0,3,0
STU_1192,3.22,19,6,13,Below 10k,1,0,0,1,0,3,2025,1,217,8000,1,1,1,1
STU_1193,2.54,2,5,8,10-15K,1,0,1,1,0,4,2025,2,265,12500,1,0,2,0
STU_1194,3.25,5,3,7,16-20K,0,0,2,1,0,1,2025,1,171,18000,1,1,3,1
STU_1195,3.23,19,6,13,10-15K,1,0,1,1,0,2,2025,1,202,12500,1,1,2,1
STU_1196,3.12,13,5,8,16-20K,1,0,2,1,0,12,2024,4,121,18000,1,1,3,1
STU_1197,3.46,13,0,5,10-15K,1,0,1,1,0,10,2024,4,54,12500,1,2,2,0
STU_1198,3.14,4,4,12,Below 10k,1,0,0,1,0,9,2024,3,38,8000,1,1,1,1
STU_1199,3.58,15,6,3,10-15K,1,0,1,2,1,5,2025,2,267,12500,1,2,3,1
STU_1200,3.15,20,1,10,16-20K,0,0,2,1,1,3,2025,1,205,18000,1,1,3,1
