filename,size_kb
01_class_balance_continuation.png,33.4
02_continuation_rate_by_political_phase.png,53.7
03_sample_size_by_political_phase.png,41.8
04_continuation_rate_by_country.png,46.5
05_continuation_rate_by_budget.png,58.7
06_continuation_rate_by_researched.png,51.3
07_continuation_rate_by_academic_level.png,35.0
08_gpa_distribution_overall_and_by_outcome.png,65.0
09_result_band_counts_and_continuation.png,54.4
10_course_volume_and_continuation.png,104.4
11_institution_volume_and_continuation.png,140.6
12_continuation_by_season_and_month.png,84.0
13_heatmap_continuation_phase_by_budget_level.png,73.6
14_paper1_xgb_threshold_effect.png,37.7
15_paper2_model_metrics_comparison.png,49.7
16_legacy_roc_lr_vs_rf.png,40.0
17_legacy_lr_confusion_matrix.png,18.8
18_legacy_rf_confusion_matrix.png,18.7
19_ablation_f1_drop.png,70.0
20_shap_global_summary.png,220.1
21_shap_local_waterfall_example.png,229.1
22_heatmap_continuation_phase_by_researched.png,82.2
23_correlation_heatmap_numeric_features.png,156.4
24_budget_academic_score_vs_continuation.png,82.4
25_continuation_by_gpa_academic_match.png,33.7
26_days_since_first_intake_by_continuation.png,41.6
27_stacked_counts_phase_by_continuation.png,55.7
28_boxplot_gpa_by_political_phase.png,55.8
29_paper1_model_metrics_comparison.png,41.7
30_paper1_xgb_threshold_search_curves.png,103.7
31_ablation_f1_drop_from_csv.png,53.1
32_legacy_rf_feature_importance.png,80.9
33_interaction_researched_with_budget_and_phase.png,80.4
34_data_quality_missing_and_duplicates.png,59.8
35_confusion_matrix_gradient_boosting_6000.png,37.6
36_roc_curve_gradient_boosting_6000.png,68.1
37_confusion_matrix_xgboost_6000_threshold_0.50.png,36.5
38_roc_curve_xgboost_6000.png,64.3
39_confusion_matrix_xgboost_6000_optimized_threshold.png,35.3
39_confusion_matrix_xgboost_6000_threshold_0.73.png,44.3
40_confusion_matrix_gb_vs_xgboost_6000_comparison.png,61.0
41_roc_comparison_gb_vs_xgboost_6000.png,79.2
42_legacy_lr_rf_full_metrics_from_table.png,69.5
43_ablation_accuracy_precision_recall_f1_by_group.png,87.7
44_ablation_absolute_f1_scores.png,91.2
45_6000_gb_xgboost_precision_recall_f1_accuracy.png,58.3
46_xgb_threshold_top10_f1_from_search_table.png,61.0
